{"_id":1101,"il_adi":"KASTAMONU","il_id":37,"ilce_adi":"ABANA"}
{"_id":1102,"il_adi":"DENİZLİ","il_id":20,"ilce_adi":"ACIPAYAM"}
{"_id":1103,"il_adi":"İSTANBUL","il_id":34,"ilce_adi":"ADALAR"}
{"_id":1104,"il_adi":"ADANA","il_id":1,"ilce_adi":"SEYHAN"}
{"_id":1105,"il_adi":"ADIYAMAN","il_id":2,"ilce_adi":"MERKEZ"}
{"_id":1106,"il_adi":"BİTLİS","il_id":13,"ilce_adi":"ADİLCEVAZ"}
{"_id":1107,"il_adi":"KAHRAMANMARAŞ","il_id":46,"ilce_adi":"AFŞİN"}
{"_id":1108,"il_adi":"AFYONKARAHİSAR","il_id":3,"ilce_adi":"MERKEZ"}
{"_id":1109,"il_adi":"BURDUR","il_id":15,"ilce_adi":"AĞLASUN"}
{"_id":1110,"il_adi":"ELAZIĞ","il_id":23,"ilce_adi":"AĞIN"}
{"_id":1111,"il_adi":"AĞRI","il_id":4,"ilce_adi":"MERKEZ"}
{"_id":1112,"il_adi":"BİTLİS","il_id":13,"ilce_adi":"AHLAT"}
{"_id":1113,"il_adi":"TRABZON","il_id":61,"ilce_adi":"AKÇAABAT"}
{"_id":1114,"il_adi":"MALATYA","il_id":44,"ilce_adi":"AKÇADAĞ"}
{"_id":1115,"il_adi":"ŞANLIURFA","il_id":63,"ilce_adi":"AKÇAKALE"}
{"_id":1116,"il_adi":"DÜZCE","il_id":81,"ilce_adi":"AKÇAKOCA"}
{"_id":1117,"il_adi":"YOZGAT","il_id":66,"ilce_adi":"AKDAĞMADENİ"}
{"_id":1118,"il_adi":"MANİSA","il_id":45,"ilce_adi":"AKHİSAR"}
{"_id":1119,"il_adi":"ORDU","il_id":52,"ilce_adi":"AKKUŞ"}
{"_id":1120,"il_adi":"AKSARAY","il_id":68,"ilce_adi":"MERKEZ"}
{"_id":1121,"il_adi":"ANTALYA","il_id":7,"ilce_adi":"AKSEKİ"}
{"_id":1122,"il_adi":"KONYA","il_id":42,"ilce_adi":"AKŞEHİR"}
{"_id":1123,"il_adi":"SAKARYA","il_id":54,"ilce_adi":"AKYAZI"}
{"_id":1124,"il_adi":"ÇORUM","il_id":19,"ilce_adi":"ALACA"}
{"_id":1125,"il_adi":"SAMSUN","il_id":55,"ilce_adi":"ALAÇAM"}
{"_id":1126,"il_adi":"ANTALYA","il_id":7,"ilce_adi":"ALANYA"}
{"_id":1127,"il_adi":"MANİSA","il_id":45,"ilce_adi":"ALAŞEHİR"}
{"_id":1128,"il_adi":"İZMİR","il_id":35,"ilce_adi":"ALİAĞA"}
{"_id":1129,"il_adi":"TOKAT","il_id":60,"ilce_adi":"ALMUS"}
{"_id":1130,"il_adi":"ANKARA","il_id":6,"ilce_adi":"ALTINDAĞ"}
{"_id":1131,"il_adi":"HATAY","il_id":31,"ilce_adi":"ALTINÖZÜ"}
{"_id":1132,"il_adi":"KÜTAHYA","il_id":43,"ilce_adi":"ALTINTAŞ"}
{"_id":1133,"il_adi":"GİRESUN","il_id":28,"ilce_adi":"ALUCRA"}
{"_id":1134,"il_adi":"AMASYA","il_id":5,"ilce_adi":"MERKEZ"}
{"_id":1135,"il_adi":"MERSİN","il_id":33,"ilce_adi":"ANAMUR"}
{"_id":1136,"il_adi":"KAHRAMANMARAŞ","il_id":46,"ilce_adi":"ANDIRIN"}
{"_id":1139,"il_adi":"GAZİANTEP","il_id":27,"ilce_adi":"ARABAN"}
{"_id":1140,"il_adi":"KASTAMONU","il_id":37,"ilce_adi":"ARAÇ"}
{"_id":1141,"il_adi":"TRABZON","il_id":61,"ilce_adi":"ARAKLI"}
{"_id":1142,"il_adi":"IĞDIR","il_id":76,"ilce_adi":"ARALIK"}
{"_id":1143,"il_adi":"MALATYA","il_id":44,"ilce_adi":"ARAPGİR"}
{"_id":1144,"il_adi":"ARDAHAN","il_id":75,"ilce_adi":"MERKEZ"}
{"_id":1145,"il_adi":"ARTVİN","il_id":8,"ilce_adi":"ARDANUÇ"}
{"_id":1146,"il_adi":"RİZE","il_id":53,"ilce_adi":"ARDEŞEN"}
{"_id":1147,"il_adi":"ARTVİN","il_id":8,"ilce_adi":"ARHAVİ"}
{"_id":1148,"il_adi":"MALATYA","il_id":44,"ilce_adi":"ARGUVAN"}
{"_id":1149,"il_adi":"KARS","il_id":36,"ilce_adi":"ARPAÇAY"}
{"_id":1150,"il_adi":"TRABZON","il_id":61,"ilce_adi":"ARSİN"}
{"_id":1151,"il_adi":"TOKAT","il_id":60,"ilce_adi":"ARTOVA"}
{"_id":1152,"il_adi":"ARTVİN","il_id":8,"ilce_adi":"MERKEZ"}
{"_id":1153,"il_adi":"ERZURUM","il_id":25,"ilce_adi":"AŞKALE"}
{"_id":1154,"il_adi":"ISPARTA","il_id":32,"ilce_adi":"ATABEY"}
{"_id":1155,"il_adi":"NEVŞEHİR","il_id":50,"ilce_adi":"AVANOS"}
{"_id":1156,"il_adi":"SİNOP","il_id":57,"ilce_adi":"AYANCIK"}
{"_id":1157,"il_adi":"ANKARA","il_id":6,"ilce_adi":"AYAŞ"}
{"_id":1158,"il_adi":"ORDU","il_id":52,"ilce_adi":"AYBASTI"}
{"_id":1160,"il_adi":"ÇANAKKALE","il_id":17,"ilce_adi":"AYVACIK"}
{"_id":1161,"il_adi":"BALIKESİR","il_id":10,"ilce_adi":"AYVALIK"}
{"_id":1162,"il_adi":"KASTAMONU","il_id":37,"ilce_adi":"AZDAVAY"}
{"_id":1163,"il_adi":"KIRKLARELİ","il_id":39,"ilce_adi":"BABAESKİ"}
{"_id":1164,"il_adi":"SAMSUN","il_id":55,"ilce_adi":"BAFRA"}
{"_id":1165,"il_adi":"OSMANİYE","il_id":80,"ilce_adi":"BAHÇE"}
{"_id":1166,"il_adi":"İSTANBUL","il_id":34,"ilce_adi":"BAKIRKÖY"}
{"_id":1167,"il_adi":"ANKARA","il_id":6,"ilce_adi":"BALA"}
{"_id":1169,"il_adi":"BALIKESİR","il_id":10,"ilce_adi":"BALYA"}
{"_id":1170,"il_adi":"UŞAK","il_id":64,"ilce_adi":"BANAZ"}
{"_id":1171,"il_adi":"BALIKESİR","il_id":10,"ilce_adi":"BANDIRMA"}
{"_id":1172,"il_adi":"BARTIN","il_id":74,"ilce_adi":"MERKEZ"}
{"_id":1173,"il_adi":"ELAZIĞ","il_id":23,"ilce_adi":"BASKİL"}
{"_id":1174,"il_adi":"BATMAN","il_id":72,"ilce_adi":"MERKEZ"}
{"_id":1175,"il_adi":"VAN","il_id":65,"ilce_adi":"BAŞKALE"}
{"_id":1176,"il_adi":"BAYBURT","il_id":69,"ilce_adi":"MERKEZ"}
{"_id":1177,"il_adi":"ÇORUM","il_id":19,"ilce_adi":"BAYAT"}
{"_id":1178,"il_adi":"İZMİR","il_id":35,"ilce_adi":"BAYINDIR"}
{"_id":1179,"il_adi":"SİİRT","il_id":56,"ilce_adi":"BAYKAN"}
{"_id":1180,"il_adi":"ÇANAKKALE","il_id":17,"ilce_adi":"BAYRAMİÇ"}
{"_id":1181,"il_adi":"İZMİR","il_id":35,"ilce_adi":"BERGAMA"}
{"_id":1182,"il_adi":"ADIYAMAN","il_id":2,"ilce_adi":"BESNİ"}
{"_id":1183,"il_adi":"İSTANBUL","il_id":34,"ilce_adi":"BEŞİKTAŞ"}
{"_id":1184,"il_adi":"BATMAN","il_id":72,"ilce_adi":"BEŞİRİ"}
{"_id":1185,"il_adi":"İSTANBUL","il_id":34,"ilce_adi":"BEYKOZ"}
{"_id":1186,"il_adi":"İSTANBUL","il_id":34,"ilce_adi":"BEYOĞLU"}
{"_id":1187,"il_adi":"ANKARA","il_id":6,"ilce_adi":"BEYPAZARI"}
{"_id":1188,"il_adi":"KONYA","il_id":42,"ilce_adi":"BEYŞEHİR"}
{"_id":1189,"il_adi":"ŞIRNAK","il_id":73,"ilce_adi":"BEYTÜŞŞEBAP"}
{"_id":1190,"il_adi":"ÇANAKKALE","il_id":17,"ilce_adi":"BİGA"}
{"_id":1191,"il_adi":"BALIKESİR","il_id":10,"ilce_adi":"BİGADİÇ"}
{"_id":1192,"il_adi":"BİLECİK","il_id":11,"ilce_adi":"MERKEZ"}
{"_id":1193,"il_adi":"BİNGÖL","il_id":12,"ilce_adi":"MERKEZ"}
{"_id":1194,"il_adi":"ŞANLIURFA","il_id":63,"ilce_adi":"BİRECİK"}
{"_id":1195,"il_adi":"DİYARBAKIR","il_id":21,"ilce_adi":"BİSMİL"}
{"_id":1196,"il_adi":"BİTLİS","il_id":13,"ilce_adi":"MERKEZ"}
{"_id":1197,"il_adi":"MUĞLA","il_id":48,"ilce_adi":"BODRUM"}
{"_id":1198,"il_adi":"YOZGAT","il_id":66,"ilce_adi":"BOĞAZLIYAN"}
{"_id":1199,"il_adi":"BOLU","il_id":14,"ilce_adi":"MERKEZ"}
{"_id":1200,"il_adi":"AFYONKARAHİSAR","il_id":3,"ilce_adi":"BOLVADİN"}
{"_id":1201,"il_adi":"NİĞDE","il_id":51,"ilce_adi":"BOR"}
{"_id":1202,"il_adi":"ARTVİN","il_id":8,"ilce_adi":"BORÇKA"}
{"_id":1203,"il_adi":"İZMİR","il_id":35,"ilce_adi":"BORNOVA"}
{"_id":1204,"il_adi":"SİNOP","il_id":57,"ilce_adi":"BOYABAT"}
{"_id":1205,"il_adi":"ÇANAKKALE","il_id":17,"ilce_adi":"BOZCAADA"}
{"_id":1206,"il_adi":"AYDIN","il_id":9,"ilce_adi":"BOZDOĞAN"}
{"_id":1207,"il_adi":"KONYA","il_id":42,"ilce_adi":"BOZKIR"}
{"_id":1208,"il_adi":"KASTAMONU","il_id":37,"ilce_adi":"BOZKURT"}
{"_id":1209,"il_adi":"ŞANLIURFA","il_id":63,"ilce_adi":"BOZOVA"}
{"_id":1210,"il_adi":"BİLECİK","il_id":11,"ilce_adi":"BOZÜYÜK"}
{"_id":1211,"il_adi":"BURDUR","il_id":15,"ilce_adi":"BUCAK"}
{"_id":1212,"il_adi":"GİRESUN","il_id":28,"ilce_adi":"BULANCAK"}
{"_id":1213,"il_adi":"MUŞ","il_id":49,"ilce_adi":"BULANIK"}
{"_id":1214,"il_adi":"DENİZLİ","il_id":20,"ilce_adi":"BULDAN"}
{"_id":1215,"il_adi":"BURDUR","il_id":15,"ilce_adi":"MERKEZ"}
{"_id":1216,"il_adi":"BALIKESİR","il_id":10,"ilce_adi":"BURHANİYE"}
{"_id":1218,"il_adi":"KAYSERİ","il_id":38,"ilce_adi":"BÜNYAN"}
{"_id":1219,"il_adi":"ADANA","il_id":1,"ilce_adi":"CEYHAN"}
{"_id":1220,"il_adi":"ŞANLIURFA","il_id":63,"ilce_adi":"CEYLANPINAR"}
{"_id":1221,"il_adi":"KASTAMONU","il_id":37,"ilce_adi":"CİDE"}
{"_id":1222,"il_adi":"KONYA","il_id":42,"ilce_adi":"CİHANBEYLİ"}
{"_id":1223,"il_adi":"ŞIRNAK","il_id":73,"ilce_adi":"CİZRE"}
{"_id":1224,"il_adi":"DENİZLİ","il_id":20,"ilce_adi":"ÇAL"}
{"_id":1225,"il_adi":"NİĞDE","il_id":51,"ilce_adi":"ÇAMARDI"}
{"_id":1226,"il_adi":"DENİZLİ","il_id":20,"ilce_adi":"ÇAMELİ"}
{"_id":1227,"il_adi":"ANKARA","il_id":6,"ilce_adi":"ÇAMLIDERE"}
{"_id":1228,"il_adi":"RİZE","il_id":53,"ilce_adi":"ÇAMLIHEMŞİN"}
{"_id":1229,"il_adi":"ÇANAKKALE","il_id":17,"ilce_adi":"ÇAN"}
{"_id":1230,"il_adi":"ÇANAKKALE","il_id":17,"ilce_adi":"MERKEZ"}
{"_id":1231,"il_adi":"ANKARA","il_id":6,"ilce_adi":"ÇANKAYA"}
{"_id":1232,"il_adi":"ÇANKIRI","il_id":18,"ilce_adi":"MERKEZ"}
{"_id":1233,"il_adi":"DENİZLİ","il_id":20,"ilce_adi":"ÇARDAK"}
{"_id":1234,"il_adi":"SAMSUN","il_id":55,"ilce_adi":"ÇARŞAMBA"}
{"_id":1235,"il_adi":"ERZURUM","il_id":25,"ilce_adi":"ÇAT"}
{"_id":1236,"il_adi":"VAN","il_id":65,"ilce_adi":"ÇATAK"}
{"_id":1237,"il_adi":"İSTANBUL","il_id":34,"ilce_adi":"ÇATALCA"}
{"_id":1238,"il_adi":"KASTAMONU","il_id":37,"ilce_adi":"ÇATALZEYTİN"}
{"_id":1239,"il_adi":"AFYONKARAHİSAR","il_id":3,"ilce_adi":"ÇAY"}
{"_id":1240,"il_adi":"ZONGULDAK","il_id":67,"ilce_adi":"ÇAYCUMA"}
{"_id":1241,"il_adi":"RİZE","il_id":53,"ilce_adi":"ÇAYELİ"}
{"_id":1242,"il_adi":"YOZGAT","il_id":66,"ilce_adi":"ÇAYIRALAN"}
{"_id":1243,"il_adi":"ERZİNCAN","il_id":24,"ilce_adi":"ÇAYIRLI"}
{"_id":1244,"il_adi":"TRABZON","il_id":61,"ilce_adi":"ÇAYKARA"}
{"_id":1245,"il_adi":"YOZGAT","il_id":66,"ilce_adi":"ÇEKEREK"}
{"_id":1246,"il_adi":"ADIYAMAN","il_id":2,"ilce_adi":"ÇELİKHAN"}
{"_id":1247,"il_adi":"TUNCELİ","il_id":62,"ilce_adi":"ÇEMİŞGEZEK"}
{"_id":1248,"il_adi":"ÇANKIRI","il_id":18,"ilce_adi":"ÇERKEŞ"}
{"_id":1249,"il_adi":"DİYARBAKIR","il_id":21,"ilce_adi":"ÇERMİK"}
{"_id":1250,"il_adi":"TEKİRDAĞ","il_id":59,"ilce_adi":"ÇERKEZKÖY"}
{"_id":1251,"il_adi":"İZMİR","il_id":35,"ilce_adi":"ÇEŞME"}
{"_id":1252,"il_adi":"ARDAHAN","il_id":75,"ilce_adi":"ÇILDIR"}
{"_id":1253,"il_adi":"DİYARBAKIR","il_id":21,"ilce_adi":"ÇINAR"}
{"_id":1254,"il_adi":"KIRŞEHİR","il_id":40,"ilce_adi":"ÇİÇEKDAĞI"}
{"_id":1255,"il_adi":"ESKİŞEHİR","il_id":26,"ilce_adi":"ÇİFTELER"}
{"_id":1256,"il_adi":"AYDIN","il_id":9,"ilce_adi":"ÇİNE"}
{"_id":1257,"il_adi":"DENİZLİ","il_id":20,"ilce_adi":"ÇİVRİL"}
{"_id":1258,"il_adi":"TEKİRDAĞ","il_id":59,"ilce_adi":"ÇORLU"}
{"_id":1259,"il_adi":"ÇORUM","il_id":19,"ilce_adi":"MERKEZ"}
{"_id":1260,"il_adi":"ANKARA","il_id":6,"ilce_adi":"ÇUBUK"}
{"_id":1261,"il_adi":"HAKKARİ","il_id":30,"ilce_adi":"ÇUKURCA"}
{"_id":1262,"il_adi":"KONYA","il_id":42,"ilce_adi":"ÇUMRA"}
{"_id":1263,"il_adi":"DİYARBAKIR","il_id":21,"ilce_adi":"ÇÜNGÜŞ"}
{"_id":1264,"il_adi":"KASTAMONU","il_id":37,"ilce_adi":"DADAY"}
{"_id":1265,"il_adi":"MALATYA","il_id":44,"ilce_adi":"DARENDE"}
{"_id":1266,"il_adi":"MUĞLA","il_id":48,"ilce_adi":"DATÇA"}
{"_id":1267,"il_adi":"AFYONKARAHİSAR","il_id":3,"ilce_adi":"DAZKIRI"}
{"_id":1268,"il_adi":"KIRIKKALE","il_id":71,"ilce_adi":"DELİCE"}
{"_id":1269,"il_adi":"MANİSA","il_id":45,"ilce_adi":"DEMİRCİ"}
{"_id":1270,"il_adi":"KIRKLARELİ","il_id":39,"ilce_adi":"DEMİRKÖY"}
{"_id":1272,"il_adi":"GİRESUN","il_id":28,"ilce_adi":"DERELİ"}
{"_id":1273,"il_adi":"MARDİN","il_id":47,"ilce_adi":"DERİK"}
{"_id":1274,"il_adi":"NEVŞEHİR","il_id":50,"ilce_adi":"DERİNKUYU"}
{"_id":1275,"il_adi":"KAYSERİ","il_id":38,"ilce_adi":"DEVELİ"}
{"_id":1276,"il_adi":"ZONGULDAK","il_id":67,"ilce_adi":"DEVREK"}
{"_id":1277,"il_adi":"KASTAMONU","il_id":37,"ilce_adi":"DEVREKANİ"}
{"_id":1278,"il_adi":"DİYARBAKIR","il_id":21,"ilce_adi":"DİCLE"}
{"_id":1279,"il_adi":"KARS","il_id":36,"ilce_adi":"DİGOR"}
{"_id":1280,"il_adi":"İZMİR","il_id":35,"ilce_adi":"DİKİLİ"}
{"_id":1281,"il_adi":"AFYONKARAHİSAR","il_id":3,"ilce_adi":"DİNAR"}
{"_id":1282,"il_adi":"SİVAS","il_id":58,"ilce_adi":"DİVRİĞİ"}
{"_id":1283,"il_adi":"AĞRI","il_id":4,"ilce_adi":"DİYADİN"}
{"_id":1285,"il_adi":"KONYA","il_id":42,"ilce_adi":"DOĞANHİSAR"}
{"_id":1286,"il_adi":"MALATYA","il_id":44,"ilce_adi":"DOĞANŞEHİR"}
{"_id":1287,"il_adi":"AĞRI","il_id":4,"ilce_adi":"DOĞUBAYAZIT"}
{"_id":1288,"il_adi":"KÜTAHYA","il_id":43,"ilce_adi":"DOMANİÇ"}
{"_id":1289,"il_adi":"HATAY","il_id":31,"ilce_adi":"DÖRTYOL"}
{"_id":1290,"il_adi":"SİNOP","il_id":57,"ilce_adi":"DURAĞAN"}
{"_id":1291,"il_adi":"BALIKESİR","il_id":10,"ilce_adi":"DURSUNBEY"}
{"_id":1292,"il_adi":"DÜZCE","il_id":81,"ilce_adi":"MERKEZ"}
{"_id":1293,"il_adi":"ÇANAKKALE","il_id":17,"ilce_adi":"ECEABAT"}
{"_id":1294,"il_adi":"BALIKESİR","il_id":10,"ilce_adi":"EDREMİT"}
{"_id":1295,"il_adi":"EDİRNE","il_id":22,"ilce_adi":"MERKEZ"}
{"_id":1296,"il_adi":"KARABÜK","il_id":78,"ilce_adi":"EFLANİ"}
{"_id":1297,"il_adi":"ISPARTA","il_id":32,"ilce_adi":"EĞİRDİR"}
{"_id":1298,"il_adi":"ELAZIĞ","il_id":23,"ilce_adi":"MERKEZ"}
{"_id":1299,"il_adi":"KAHRAMANMARAŞ","il_id":46,"ilce_adi":"ELBİSTAN"}
{"_id":1300,"il_adi":"ÇANKIRI","il_id":18,"ilce_adi":"ELDİVAN"}
{"_id":1301,"il_adi":"AĞRI","il_id":4,"ilce_adi":"ELEŞKİRT"}
{"_id":1302,"il_adi":"ANKARA","il_id":6,"ilce_adi":"ELMADAĞ"}
{"_id":1303,"il_adi":"ANTALYA","il_id":7,"ilce_adi":"ELMALI"}
{"_id":1304,"il_adi":"KÜTAHYA","il_id":43,"ilce_adi":"EMET"}
{"_id":1306,"il_adi":"AFYONKARAHİSAR","il_id":3,"ilce_adi":"EMİRDAĞ"}
{"_id":1307,"il_adi":"EDİRNE","il_id":22,"ilce_adi":"ENEZ"}
{"_id":1308,"il_adi":"TOKAT","il_id":60,"ilce_adi":"ERBAA"}
{"_id":1309,"il_adi":"VAN","il_id":65,"ilce_adi":"ERCİŞ"}
{"_id":1310,"il_adi":"BALIKESİR","il_id":10,"ilce_adi":"ERDEK"}
{"_id":1311,"il_adi":"MERSİN","il_id":33,"ilce_adi":"ERDEMLİ"}
{"_id":1312,"il_adi":"KONYA","il_id":42,"ilce_adi":"EREĞLİ"}
{"_id":1313,"il_adi":"ZONGULDAK","il_id":67,"ilce_adi":"EREĞLİ"}
{"_id":1314,"il_adi":"SİNOP","il_id":57,"ilce_adi":"ERFELEK"}
{"_id":1315,"il_adi":"DİYARBAKIR","il_id":21,"ilce_adi":"ERGANİ"}
{"_id":1316,"il_adi":"KARAMAN","il_id":70,"ilce_adi":"ERMENEK"}
{"_id":1317,"il_adi":"SİİRT","il_id":56,"ilce_adi":"ERUH"}
{"_id":1318,"il_adi":"ERZİNCAN","il_id":24,"ilce_adi":"MERKEZ"}
{"_id":1320,"il_adi":"GİRESUN","il_id":28,"ilce_adi":"ESPİYE"}
{"_id":1321,"il_adi":"KARABÜK","il_id":78,"ilce_adi":"ESKİPAZAR"}
{"_id":1323,"il_adi":"UŞAK","il_id":64,"ilce_adi":"EŞME"}
{"_id":1324,"il_adi":"GİRESUN","il_id":28,"ilce_adi":"EYNESİL"}
{"_id":1325,"il_adi":"İSTANBUL","il_id":34,"ilce_adi":"EYÜPSULTAN"}
{"_id":1326,"il_adi":"ÇANAKKALE","il_id":17,"ilce_adi":"EZİNE"}
{"_id":1327,"il_adi":"İSTANBUL","il_id":34,"ilce_adi":"FATİH"}
{"_id":1328,"il_adi":"ORDU","il_id":52,"ilce_adi":"FATSA"}
{"_id":1329,"il_adi":"ADANA","il_id":1,"ilce_adi":"FEKE"}
{"_id":1330,"il_adi":"KAYSERİ","il_id":38,"ilce_adi":"FELAHİYE"}
{"_id":1331,"il_adi":"MUĞLA","il_id":48,"ilce_adi":"FETHİYE"}
{"_id":1332,"il_adi":"RİZE","il_id":53,"ilce_adi":"FINDIKLI"}
{"_id":1333,"il_adi":"ANTALYA","il_id":7,"ilce_adi":"FİNİKE"}
{"_id":1334,"il_adi":"İZMİR","il_id":35,"ilce_adi":"FOÇA"}
{"_id":1336,"il_adi":"İSTANBUL","il_id":34,"ilce_adi":"GAZİOSMANPAŞA"}
{"_id":1337,"il_adi":"ANTALYA","il_id":7,"ilce_adi":"GAZİPAŞA"}
{"_id":1338,"il_adi":"KOCAELİ","il_id":41,"ilce_adi":"GEBZE"}
{"_id":1339,"il_adi":"KÜTAHYA","il_id":43,"ilce_adi":"GEDİZ"}
{"_id":1340,"il_adi":"ÇANAKKALE","il_id":17,"ilce_adi":"GELİBOLU"}
{"_id":1341,"il_adi":"ISPARTA","il_id":32,"ilce_adi":"GELENDOST"}
{"_id":1342,"il_adi":"SİVAS","il_id":58,"ilce_adi":"GEMEREK"}
{"_id":1343,"il_adi":"BURSA","il_id":16,"ilce_adi":"GEMLİK"}
{"_id":1344,"il_adi":"BİNGÖL","il_id":12,"ilce_adi":"GENÇ"}
{"_id":1345,"il_adi":"BATMAN","il_id":72,"ilce_adi":"GERCÜŞ"}
{"_id":1346,"il_adi":"BOLU","il_id":14,"ilce_adi":"GEREDE"}
{"_id":1347,"il_adi":"ADIYAMAN","il_id":2,"ilce_adi":"GERGER"}
{"_id":1348,"il_adi":"AYDIN","il_id":9,"ilce_adi":"GERMENCİK"}
{"_id":1349,"il_adi":"SİNOP","il_id":57,"ilce_adi":"GERZE"}
{"_id":1350,"il_adi":"VAN","il_id":65,"ilce_adi":"GEVAŞ"}
{"_id":1351,"il_adi":"SAKARYA","il_id":54,"ilce_adi":"GEYVE"}
{"_id":1352,"il_adi":"GİRESUN","il_id":28,"ilce_adi":"MERKEZ"}
{"_id":1353,"il_adi":"KAHRAMANMARAŞ","il_id":46,"ilce_adi":"GÖKSUN"}
{"_id":1354,"il_adi":"ADIYAMAN","il_id":2,"ilce_adi":"GÖLBAŞI"}
{"_id":1355,"il_adi":"KOCAELİ","il_id":41,"ilce_adi":"GÖLCÜK"}
{"_id":1356,"il_adi":"ARDAHAN","il_id":75,"ilce_adi":"GÖLE"}
{"_id":1357,"il_adi":"BURDUR","il_id":15,"ilce_adi":"GÖLHİSAR"}
{"_id":1358,"il_adi":"ORDU","il_id":52,"ilce_adi":"GÖLKÖY"}
{"_id":1359,"il_adi":"BİLECİK","il_id":11,"ilce_adi":"GÖLPAZARI"}
{"_id":1360,"il_adi":"BALIKESİR","il_id":10,"ilce_adi":"GÖNEN"}
{"_id":1361,"il_adi":"GİRESUN","il_id":28,"ilce_adi":"GÖRELE"}
{"_id":1362,"il_adi":"MANİSA","il_id":45,"ilce_adi":"GÖRDES"}
{"_id":1363,"il_adi":"AMASYA","il_id":5,"ilce_adi":"GÖYNÜCEK"}
{"_id":1364,"il_adi":"BOLU","il_id":14,"ilce_adi":"GÖYNÜK"}
{"_id":1365,"il_adi":"ANKARA","il_id":6,"ilce_adi":"GÜDÜL"}
{"_id":1366,"il_adi":"MERSİN","il_id":33,"ilce_adi":"GÜLNAR"}
{"_id":1367,"il_adi":"NEVŞEHİR","il_id":50,"ilce_adi":"GÜLŞEHİR"}
{"_id":1368,"il_adi":"AMASYA","il_id":5,"ilce_adi":"GÜMÜŞHACIKÖY"}
{"_id":1369,"il_adi":"GÜMÜŞHANE","il_id":29,"ilce_adi":"MERKEZ"}
{"_id":1370,"il_adi":"ANTALYA","il_id":7,"ilce_adi":"GÜNDOĞMUŞ"}
{"_id":1371,"il_adi":"DENİZLİ","il_id":20,"ilce_adi":"GÜNEY"}
{"_id":1372,"il_adi":"VAN","il_id":65,"ilce_adi":"GÜRPINAR"}
{"_id":1373,"il_adi":"SİVAS","il_id":58,"ilce_adi":"GÜRÜN"}
{"_id":1374,"il_adi":"NEVŞEHİR","il_id":50,"ilce_adi":"HACIBEKTAŞ"}
{"_id":1375,"il_adi":"KONYA","il_id":42,"ilce_adi":"HADİM"}
{"_id":1376,"il_adi":"SİVAS","il_id":58,"ilce_adi":"HAFİK"}
{"_id":1377,"il_adi":"HAKKARİ","il_id":30,"ilce_adi":"MERKEZ"}
{"_id":1378,"il_adi":"ŞANLIURFA","il_id":63,"ilce_adi":"HALFETİ"}
{"_id":1379,"il_adi":"AĞRI","il_id":4,"ilce_adi":"HAMUR"}
{"_id":1380,"il_adi":"ARDAHAN","il_id":75,"ilce_adi":"HANAK"}
{"_id":1381,"il_adi":"DİYARBAKIR","il_id":21,"ilce_adi":"HANİ"}
{"_id":1382,"il_adi":"HATAY","il_id":31,"ilce_adi":"HASSA"}
{"_id":1384,"il_adi":"BALIKESİR","il_id":10,"ilce_adi":"HAVRAN"}
{"_id":1385,"il_adi":"EDİRNE","il_id":22,"ilce_adi":"HAVSA"}
{"_id":1386,"il_adi":"SAMSUN","il_id":55,"ilce_adi":"HAVZA"}
{"_id":1387,"il_adi":"ANKARA","il_id":6,"ilce_adi":"HAYMANA"}
{"_id":1388,"il_adi":"TEKİRDAĞ","il_id":59,"ilce_adi":"HAYRABOLU"}
{"_id":1389,"il_adi":"DİYARBAKIR","il_id":21,"ilce_adi":"HAZRO"}
{"_id":1390,"il_adi":"MALATYA","il_id":44,"ilce_adi":"HEKİMHAN"}
{"_id":1391,"il_adi":"SAKARYA","il_id":54,"ilce_adi":"HENDEK"}
{"_id":1392,"il_adi":"ERZURUM","il_id":25,"ilce_adi":"HINIS"}
{"_id":1393,"il_adi":"ŞANLIURFA","il_id":63,"ilce_adi":"HİLVAN"}
{"_id":1394,"il_adi":"BİTLİS","il_id":13,"ilce_adi":"HİZAN"}
{"_id":1395,"il_adi":"ARTVİN","il_id":8,"ilce_adi":"HOPA"}
{"_id":1396,"il_adi":"ERZURUM","il_id":25,"ilce_adi":"HORASAN"}
{"_id":1397,"il_adi":"TUNCELİ","il_id":62,"ilce_adi":"HOZAT"}
{"_id":1398,"il_adi":"IĞDIR","il_id":76,"ilce_adi":"MERKEZ"}
{"_id":1399,"il_adi":"ÇANKIRI","il_id":18,"ilce_adi":"ILGAZ"}
{"_id":1400,"il_adi":"KONYA","il_id":42,"ilce_adi":"ILGIN"}
{"_id":1401,"il_adi":"ISPARTA","il_id":32,"ilce_adi":"MERKEZ"}
{"_id":1403,"il_adi":"ŞIRNAK","il_id":73,"ilce_adi":"İDİL"}
{"_id":1404,"il_adi":"AFYONKARAHİSAR","il_id":3,"ilce_adi":"İHSANİYE"}
{"_id":1405,"il_adi":"RİZE","il_id":53,"ilce_adi":"İKİZDERE"}
{"_id":1406,"il_adi":"ERZİNCAN","il_id":24,"ilce_adi":"İLİÇ"}
{"_id":1407,"il_adi":"SİVAS","il_id":58,"ilce_adi":"İMRANLI"}
{"_id":1408,"il_adi":"ÇANAKKALE","il_id":17,"ilce_adi":"GÖKÇEADA"}
{"_id":1409,"il_adi":"KAYSERİ","il_id":38,"ilce_adi":"İNCESU"}
{"_id":1410,"il_adi":"KASTAMONU","il_id":37,"ilce_adi":"İNEBOLU"}
{"_id":1411,"il_adi":"BURSA","il_id":16,"ilce_adi":"İNEGÖL"}
{"_id":1412,"il_adi":"EDİRNE","il_id":22,"ilce_adi":"İPSALA"}
{"_id":1413,"il_adi":"HATAY","il_id":31,"ilce_adi":"İSKENDERUN"}
{"_id":1414,"il_adi":"ÇORUM","il_id":19,"ilce_adi":"İSKİLİP"}
{"_id":1415,"il_adi":"GAZİANTEP","il_id":27,"ilce_adi":"İSLAHİYE"}
{"_id":1416,"il_adi":"ERZURUM","il_id":25,"ilce_adi":"İSPİR"}
{"_id":1418,"il_adi":"BALIKESİR","il_id":10,"ilce_adi":"İVRİNDİ"}
{"_id":1420,"il_adi":"BURSA","il_id":16,"ilce_adi":"İZNİK"}
{"_id":1421,"il_adi":"İSTANBUL","il_id":34,"ilce_adi":"KADIKÖY"}
{"_id":1422,"il_adi":"KONYA","il_id":42,"ilce_adi":"KADINHANI"}
{"_id":1423,"il_adi":"OSMANİYE","il_id":80,"ilce_adi":"KADİRLİ"}
{"_id":1424,"il_adi":"KARS","il_id":36,"ilce_adi":"KAĞIZMAN"}
{"_id":1425,"il_adi":"ADIYAMAN","il_id":2,"ilce_adi":"KAHTA"}
{"_id":1426,"il_adi":"DENİZLİ","il_id":20,"ilce_adi":"KALE"}
{"_id":1427,"il_adi":"ANKARA","il_id":6,"ilce_adi":"KALECİK"}
{"_id":1428,"il_adi":"RİZE","il_id":53,"ilce_adi":"KALKANDERE"}
{"_id":1429,"il_adi":"KIRŞEHİR","il_id":40,"ilce_adi":"KAMAN"}
{"_id":1430,"il_adi":"KOCAELİ","il_id":41,"ilce_adi":"KANDIRA"}
{"_id":1431,"il_adi":"SİVAS","il_id":58,"ilce_adi":"KANGAL"}
{"_id":1432,"il_adi":"İZMİR","il_id":35,"ilce_adi":"KARABURUN"}
{"_id":1433,"il_adi":"KARABÜK","il_id":78,"ilce_adi":"MERKEZ"}
{"_id":1434,"il_adi":"BURSA","il_id":16,"ilce_adi":"KARACABEY"}
{"_id":1435,"il_adi":"AYDIN","il_id":9,"ilce_adi":"KARACASU"}
{"_id":1436,"il_adi":"UŞAK","il_id":64,"ilce_adi":"KARAHALLI"}
{"_id":1437,"il_adi":"ADANA","il_id":1,"ilce_adi":"KARAİSALI"}
{"_id":1438,"il_adi":"ELAZIĞ","il_id":23,"ilce_adi":"KARAKOÇAN"}
{"_id":1439,"il_adi":"KARAMAN","il_id":70,"ilce_adi":"MERKEZ"}
{"_id":1440,"il_adi":"KOCAELİ","il_id":41,"ilce_adi":"KARAMÜRSEL"}
{"_id":1441,"il_adi":"KONYA","il_id":42,"ilce_adi":"KARAPINAR"}
{"_id":1442,"il_adi":"SAKARYA","il_id":54,"ilce_adi":"KARASU"}
{"_id":1443,"il_adi":"ADANA","il_id":1,"ilce_adi":"KARATAŞ"}
{"_id":1444,"il_adi":"ERZURUM","il_id":25,"ilce_adi":"KARAYAZI"}
{"_id":1445,"il_adi":"ÇORUM","il_id":19,"ilce_adi":"KARGI"}
{"_id":1446,"il_adi":"BİNGÖL","il_id":12,"ilce_adi":"KARLIOVA"}
{"_id":1447,"il_adi":"KARS","il_id":36,"ilce_adi":"MERKEZ"}
{"_id":1448,"il_adi":"İZMİR","il_id":35,"ilce_adi":"KARŞIYAKA"}
{"_id":1449,"il_adi":"İSTANBUL","il_id":34,"ilce_adi":"KARTAL"}
{"_id":1450,"il_adi":"KASTAMONU","il_id":37,"ilce_adi":"MERKEZ"}
{"_id":1451,"il_adi":"ANTALYA","il_id":7,"ilce_adi":"KAŞ"}
{"_id":1452,"il_adi":"SAMSUN","il_id":55,"ilce_adi":"KAVAK"}
{"_id":1453,"il_adi":"SAKARYA","il_id":54,"ilce_adi":"KAYNARCA"}
{"_id":1455,"il_adi":"ELAZIĞ","il_id":23,"ilce_adi":"KEBAN"}
{"_id":1456,"il_adi":"ISPARTA","il_id":32,"ilce_adi":"KEÇİBORLU"}
{"_id":1457,"il_adi":"BURSA","il_id":16,"ilce_adi":"KELES"}
{"_id":1458,"il_adi":"GÜMÜŞHANE","il_id":29,"ilce_adi":"KELKİT"}
{"_id":1459,"il_adi":"ERZİNCAN","il_id":24,"ilce_adi":"KEMAH"}
{"_id":1460,"il_adi":"ERZİNCAN","il_id":24,"ilce_adi":"KEMALİYE"}
{"_id":1461,"il_adi":"İZMİR","il_id":35,"ilce_adi":"KEMALPAŞA"}
{"_id":1462,"il_adi":"BALIKESİR","il_id":10,"ilce_adi":"KEPSUT"}
{"_id":1463,"il_adi":"KIRIKKALE","il_id":71,"ilce_adi":"KESKİN"}
{"_id":1464,"il_adi":"EDİRNE","il_id":22,"ilce_adi":"KEŞAN"}
{"_id":1465,"il_adi":"GİRESUN","il_id":28,"ilce_adi":"KEŞAP"}
{"_id":1466,"il_adi":"BOLU","il_id":14,"ilce_adi":"KIBRISCIK"}
{"_id":1467,"il_adi":"İZMİR","il_id":35,"ilce_adi":"KINIK"}
{"_id":1468,"il_adi":"HATAY","il_id":31,"ilce_adi":"KIRIKHAN"}
{"_id":1469,"il_adi":"KIRIKKALE","il_id":71,"ilce_adi":"MERKEZ"}
{"_id":1470,"il_adi":"MANİSA","il_id":45,"ilce_adi":"KIRKAĞAÇ"}
{"_id":1471,"il_adi":"KIRKLARELİ","il_id":39,"ilce_adi":"MERKEZ"}
{"_id":1472,"il_adi":"KIRŞEHİR","il_id":40,"ilce_adi":"MERKEZ"}
{"_id":1473,"il_adi":"ANKARA","il_id":6,"ilce_adi":"KIZILCAHAMAM"}
{"_id":1474,"il_adi":"MARDİN","il_id":47,"ilce_adi":"KIZILTEPE"}
{"_id":1475,"il_adi":"BİNGÖL","il_id":12,"ilce_adi":"KİĞI"}
{"_id":1476,"il_adi":"KİLİS","il_id":79,"ilce_adi":"MERKEZ"}
{"_id":1477,"il_adi":"İZMİR","il_id":35,"ilce_adi":"KİRAZ"}
{"_id":1479,"il_adi":"AYDIN","il_id":9,"ilce_adi":"KOÇARLI"}
{"_id":1480,"il_adi":"KIRKLARELİ","il_id":39,"ilce_adi":"KOFÇAZ"}
{"_id":1482,"il_adi":"ORDU","il_id":52,"ilce_adi":"KORGAN"}
{"_id":1483,"il_adi":"ANTALYA","il_id":7,"ilce_adi":"KORKUTELİ"}
{"_id":1484,"il_adi":"SİVAS","il_id":58,"ilce_adi":"KOYULHİSAR"}
{"_id":1485,"il_adi":"NEVŞEHİR","il_id":50,"ilce_adi":"KOZAKLI"}
{"_id":1486,"il_adi":"ADANA","il_id":1,"ilce_adi":"KOZAN"}
{"_id":1487,"il_adi":"BATMAN","il_id":72,"ilce_adi":"KOZLUK"}
{"_id":1488,"il_adi":"MUĞLA","il_id":48,"ilce_adi":"KÖYCEĞİZ"}
{"_id":1489,"il_adi":"MANİSA","il_id":45,"ilce_adi":"KULA"}
{"_id":1490,"il_adi":"DİYARBAKIR","il_id":21,"ilce_adi":"KULP"}
{"_id":1491,"il_adi":"KONYA","il_id":42,"ilce_adi":"KULU"}
{"_id":1492,"il_adi":"ANTALYA","il_id":7,"ilce_adi":"KUMLUCA"}
{"_id":1493,"il_adi":"ORDU","il_id":52,"ilce_adi":"KUMRU"}
{"_id":1494,"il_adi":"ÇANKIRI","il_id":18,"ilce_adi":"KURŞUNLU"}
{"_id":1495,"il_adi":"SİİRT","il_id":56,"ilce_adi":"KURTALAN"}
{"_id":1496,"il_adi":"BARTIN","il_id":74,"ilce_adi":"KURUCAŞİLE"}
{"_id":1497,"il_adi":"AYDIN","il_id":9,"ilce_adi":"KUŞADASI"}
{"_id":1498,"il_adi":"AYDIN","il_id":9,"ilce_adi":"KUYUCAK"}
{"_id":1499,"il_adi":"KASTAMONU","il_id":37,"ilce_adi":"KÜRE"}
{"_id":1500,"il_adi":"KÜTAHYA","il_id":43,"ilce_adi":"MERKEZ"}
{"_id":1501,"il_adi":"SAMSUN","il_id":55,"ilce_adi":"LADİK"}
{"_id":1502,"il_adi":"EDİRNE","il_id":22,"ilce_adi":"LALAPAŞA"}
{"_id":1503,"il_adi":"ÇANAKKALE","il_id":17,"ilce_adi":"LAPSEKİ"}
{"_id":1504,"il_adi":"DİYARBAKIR","il_id":21,"ilce_adi":"LİCE"}
{"_id":1505,"il_adi":"KIRKLARELİ","il_id":39,"ilce_adi":"LÜLEBURGAZ"}
{"_id":1506,"il_adi":"ELAZIĞ","il_id":23,"ilce_adi":"MADEN"}
{"_id":1507,"il_adi":"TRABZON","il_id":61,"ilce_adi":"MAÇKA"}
{"_id":1508,"il_adi":"ESKİŞEHİR","il_id":26,"ilce_adi":"MAHMUDİYE"}
{"_id":1510,"il_adi":"MUŞ","il_id":49,"ilce_adi":"MALAZGİRT"}
{"_id":1511,"il_adi":"TEKİRDAĞ","il_id":59,"ilce_adi":"MALKARA"}
{"_id":1512,"il_adi":"ANTALYA","il_id":7,"ilce_adi":"MANAVGAT"}
{"_id":1514,"il_adi":"BALIKESİR","il_id":10,"ilce_adi":"MANYAS"}
{"_id":1517,"il_adi":"MUĞLA","il_id":48,"ilce_adi":"MARMARİS"}
{"_id":1518,"il_adi":"TUNCELİ","il_id":62,"ilce_adi":"MAZGİRT"}
{"_id":1519,"il_adi":"MARDİN","il_id":47,"ilce_adi":"MAZIDAĞI"}
{"_id":1520,"il_adi":"ÇORUM","il_id":19,"ilce_adi":"MECİTÖZÜ"}
{"_id":1521,"il_adi":"İZMİR","il_id":35,"ilce_adi":"MENEMEN"}
{"_id":1522,"il_adi":"BOLU","il_id":14,"ilce_adi":"MENGEN"}
{"_id":1523,"il_adi":"EDİRNE","il_id":22,"ilce_adi":"MERİÇ"}
{"_id":1524,"il_adi":"AMASYA","il_id":5,"ilce_adi":"MERZİFON"}
{"_id":1525,"il_adi":"ORDU","il_id":52,"ilce_adi":"MESUDİYE"}
{"_id":1526,"il_adi":"MARDİN","il_id":47,"ilce_adi":"MİDYAT"}
{"_id":1527,"il_adi":"ESKİŞEHİR","il_id":26,"ilce_adi":"MİHALIÇÇIK"}
{"_id":1528,"il_adi":"MUĞLA","il_id":48,"ilce_adi":"MİLAS"}
{"_id":1529,"il_adi":"KIRŞEHİR","il_id":40,"ilce_adi":"MUCUR"}
{"_id":1530,"il_adi":"BURSA","il_id":16,"ilce_adi":"MUDANYA"}
{"_id":1531,"il_adi":"BOLU","il_id":14,"ilce_adi":"MUDURNU"}
{"_id":1533,"il_adi":"VAN","il_id":65,"ilce_adi":"MURADİYE"}
{"_id":1534,"il_adi":"MUŞ","il_id":49,"ilce_adi":"MERKEZ"}
{"_id":1535,"il_adi":"BURSA","il_id":16,"ilce_adi":"MUSTAFAKEMALPAŞA"}
{"_id":1536,"il_adi":"MERSİN","il_id":33,"ilce_adi":"MUT"}
{"_id":1537,"il_adi":"BİTLİS","il_id":13,"ilce_adi":"MUTKİ"}
{"_id":1538,"il_adi":"TEKİRDAĞ","il_id":59,"ilce_adi":"MURATLI"}
{"_id":1539,"il_adi":"ANKARA","il_id":6,"ilce_adi":"NALLIHAN"}
{"_id":1540,"il_adi":"ERZURUM","il_id":25,"ilce_adi":"NARMAN"}
{"_id":1541,"il_adi":"TUNCELİ","il_id":62,"ilce_adi":"NAZIMİYE"}
{"_id":1542,"il_adi":"AYDIN","il_id":9,"ilce_adi":"NAZİLLİ"}
{"_id":1543,"il_adi":"NEVŞEHİR","il_id":50,"ilce_adi":"MERKEZ"}
{"_id":1544,"il_adi":"NİĞDE","il_id":51,"ilce_adi":"MERKEZ"}
{"_id":1545,"il_adi":"TOKAT","il_id":60,"ilce_adi":"NİKSAR"}
{"_id":1546,"il_adi":"GAZİANTEP","il_id":27,"ilce_adi":"NİZİP"}
{"_id":1547,"il_adi":"MARDİN","il_id":47,"ilce_adi":"NUSAYBİN"}
{"_id":1548,"il_adi":"TRABZON","il_id":61,"ilce_adi":"OF"}
{"_id":1549,"il_adi":"GAZİANTEP","il_id":27,"ilce_adi":"OĞUZELİ"}
{"_id":1550,"il_adi":"ERZURUM","il_id":25,"ilce_adi":"OLTU"}
{"_id":1551,"il_adi":"ERZURUM","il_id":25,"ilce_adi":"OLUR"}
{"_id":1553,"il_adi":"BURSA","il_id":16,"ilce_adi":"ORHANELİ"}
{"_id":1554,"il_adi":"BURSA","il_id":16,"ilce_adi":"ORHANGAZİ"}
{"_id":1555,"il_adi":"ÇANKIRI","il_id":18,"ilce_adi":"ORTA"}
{"_id":1556,"il_adi":"ÇORUM","il_id":19,"ilce_adi":"ORTAKÖY"}
{"_id":1557,"il_adi":"AKSARAY","il_id":68,"ilce_adi":"ORTAKÖY"}
{"_id":1558,"il_adi":"ÇORUM","il_id":19,"ilce_adi":"OSMANCIK"}
{"_id":1559,"il_adi":"BİLECİK","il_id":11,"ilce_adi":"OSMANELİ"}
{"_id":1560,"il_adi":"OSMANİYE","il_id":80,"ilce_adi":"MERKEZ"}
{"_id":1561,"il_adi":"KARABÜK","il_id":78,"ilce_adi":"OVACIK"}
{"_id":1562,"il_adi":"TUNCELİ","il_id":62,"ilce_adi":"OVACIK"}
{"_id":1563,"il_adi":"İZMİR","il_id":35,"ilce_adi":"ÖDEMİŞ"}
{"_id":1564,"il_adi":"MARDİN","il_id":47,"ilce_adi":"ÖMERLİ"}
{"_id":1565,"il_adi":"VAN","il_id":65,"ilce_adi":"ÖZALP"}
{"_id":1566,"il_adi":"ELAZIĞ","il_id":23,"ilce_adi":"PALU"}
{"_id":1567,"il_adi":"ERZURUM","il_id":25,"ilce_adi":"PASİNLER"}
{"_id":1568,"il_adi":"AĞRI","il_id":4,"ilce_adi":"PATNOS"}
{"_id":1569,"il_adi":"RİZE","il_id":53,"ilce_adi":"PAZAR"}
{"_id":1570,"il_adi":"KAHRAMANMARAŞ","il_id":46,"ilce_adi":"PAZARCIK"}
{"_id":1571,"il_adi":"BİLECİK","il_id":11,"ilce_adi":"PAZARYERİ"}
{"_id":1572,"il_adi":"KIRKLARELİ","il_id":39,"ilce_adi":"PEHLİVANKÖY"}
{"_id":1573,"il_adi":"ORDU","il_id":52,"ilce_adi":"PERŞEMBE"}
{"_id":1574,"il_adi":"TUNCELİ","il_id":62,"ilce_adi":"PERTEK"}
{"_id":1575,"il_adi":"SİİRT","il_id":56,"ilce_adi":"PERVARİ"}
{"_id":1576,"il_adi":"KAYSERİ","il_id":38,"ilce_adi":"PINARBAŞI"}
{"_id":1577,"il_adi":"KIRKLARELİ","il_id":39,"ilce_adi":"PINARHİSAR"}
{"_id":1578,"il_adi":"ANKARA","il_id":6,"ilce_adi":"POLATLI"}
{"_id":1579,"il_adi":"ARDAHAN","il_id":75,"ilce_adi":"POSOF"}
{"_id":1580,"il_adi":"ADANA","il_id":1,"ilce_adi":"POZANTI"}
{"_id":1581,"il_adi":"TUNCELİ","il_id":62,"ilce_adi":"PÜLÜMÜR"}
{"_id":1582,"il_adi":"MALATYA","il_id":44,"ilce_adi":"PÜTÜRGE"}
{"_id":1583,"il_adi":"ERZİNCAN","il_id":24,"ilce_adi":"REFAHİYE"}
{"_id":1584,"il_adi":"TOKAT","il_id":60,"ilce_adi":"REŞADİYE"}
{"_id":1585,"il_adi":"HATAY","il_id":31,"ilce_adi":"REYHANLI"}
{"_id":1586,"il_adi":"RİZE","il_id":53,"ilce_adi":"MERKEZ"}
{"_id":1587,"il_adi":"KARABÜK","il_id":78,"ilce_adi":"SAFRANBOLU"}
{"_id":1588,"il_adi":"ADANA","il_id":1,"ilce_adi":"SAİMBEYLİ"}
{"_id":1590,"il_adi":"MANİSA","il_id":45,"ilce_adi":"SALİHLİ"}
{"_id":1591,"il_adi":"HATAY","il_id":31,"ilce_adi":"SAMANDAĞ"}
{"_id":1592,"il_adi":"ADIYAMAN","il_id":2,"ilce_adi":"SAMSAT"}
{"_id":1594,"il_adi":"AFYONKARAHİSAR","il_id":3,"ilce_adi":"SANDIKLI"}
{"_id":1595,"il_adi":"SAKARYA","il_id":54,"ilce_adi":"SAPANCA"}
{"_id":1596,"il_adi":"TEKİRDAĞ","il_id":59,"ilce_adi":"SARAY"}
{"_id":1597,"il_adi":"DENİZLİ","il_id":20,"ilce_adi":"SARAYKÖY"}
{"_id":1598,"il_adi":"KONYA","il_id":42,"ilce_adi":"SARAYÖNÜ"}
{"_id":1599,"il_adi":"ESKİŞEHİR","il_id":26,"ilce_adi":"SARICAKAYA"}
{"_id":1600,"il_adi":"MANİSA","il_id":45,"ilce_adi":"SARIGÖL"}
{"_id":1601,"il_adi":"KARS","il_id":36,"ilce_adi":"SARIKAMIŞ"}
{"_id":1602,"il_adi":"YOZGAT","il_id":66,"ilce_adi":"SARIKAYA"}
{"_id":1603,"il_adi":"KAYSERİ","il_id":38,"ilce_adi":"SARIOĞLAN"}
{"_id":1604,"il_adi":"İSTANBUL","il_id":34,"ilce_adi":"SARIYER"}
{"_id":1605,"il_adi":"KAYSERİ","il_id":38,"ilce_adi":"SARIZ"}
{"_id":1606,"il_adi":"MANİSA","il_id":45,"ilce_adi":"SARUHANLI"}
{"_id":1607,"il_adi":"BATMAN","il_id":72,"ilce_adi":"SASON"}
{"_id":1608,"il_adi":"BALIKESİR","il_id":10,"ilce_adi":"SAVAŞTEPE"}
{"_id":1609,"il_adi":"MARDİN","il_id":47,"ilce_adi":"SAVUR"}
{"_id":1610,"il_adi":"BOLU","il_id":14,"ilce_adi":"SEBEN"}
{"_id":1611,"il_adi":"İZMİR","il_id":35,"ilce_adi":"SEFERİHİSAR"}
{"_id":1612,"il_adi":"İZMİR","il_id":35,"ilce_adi":"SELÇUK"}
{"_id":1613,"il_adi":"MANİSA","il_id":45,"ilce_adi":"SELENDİ"}
{"_id":1614,"il_adi":"KARS","il_id":36,"ilce_adi":"SELİM"}
{"_id":1615,"il_adi":"ISPARTA","il_id":32,"ilce_adi":"SENİRKENT"}
{"_id":1616,"il_adi":"ANTALYA","il_id":7,"ilce_adi":"SERİK"}
{"_id":1617,"il_adi":"KONYA","il_id":42,"ilce_adi":"SEYDİŞEHİR"}
{"_id":1618,"il_adi":"ESKİŞEHİR","il_id":26,"ilce_adi":"SEYİTGAZİ"}
{"_id":1619,"il_adi":"BALIKESİR","il_id":10,"ilce_adi":"SINDIRGI"}
{"_id":1620,"il_adi":"SİİRT","il_id":56,"ilce_adi":"MERKEZ"}
{"_id":1621,"il_adi":"MERSİN","il_id":33,"ilce_adi":"SİLİFKE"}
{"_id":1622,"il_adi":"İSTANBUL","il_id":34,"ilce_adi":"SİLİVRİ"}
{"_id":1623,"il_adi":"ŞIRNAK","il_id":73,"ilce_adi":"SİLOPİ"}
{"_id":1624,"il_adi":"DİYARBAKIR","il_id":21,"ilce_adi":"SİLVAN"}
{"_id":1625,"il_adi":"KÜTAHYA","il_id":43,"ilce_adi":"SİMAV"}
{"_id":1626,"il_adi":"AFYONKARAHİSAR","il_id":3,"ilce_adi":"SİNANPAŞA"}
{"_id":1627,"il_adi":"SİNOP","il_id":57,"ilce_adi":"MERKEZ"}
{"_id":1628,"il_adi":"SİVAS","il_id":58,"ilce_adi":"MERKEZ"}
{"_id":1629,"il_adi":"UŞAK","il_id":64,"ilce_adi":"SİVASLI"}
{"_id":1630,"il_adi":"ŞANLIURFA","il_id":63,"ilce_adi":"SİVEREK"}
{"_id":1631,"il_adi":"ELAZIĞ","il_id":23,"ilce_adi":"SİVRİCE"}
{"_id":1632,"il_adi":"ESKİŞEHİR","il_id":26,"ilce_adi":"SİVRİHİSAR"}
{"_id":1633,"il_adi":"BİNGÖL","il_id":12,"ilce_adi":"SOLHAN"}
{"_id":1634,"il_adi":"MANİSA","il_id":45,"ilce_adi":"SOMA"}
{"_id":1635,"il_adi":"YOZGAT","il_id":66,"ilce_adi":"SORGUN"}
{"_id":1636,"il_adi":"BİLECİK","il_id":11,"ilce_adi":"SÖĞÜT"}
{"_id":1637,"il_adi":"AYDIN","il_id":9,"ilce_adi":"SÖKE"}
{"_id":1638,"il_adi":"KIRIKKALE","il_id":71,"ilce_adi":"SULAKYURT"}
{"_id":1639,"il_adi":"AFYONKARAHİSAR","il_id":3,"ilce_adi":"SULTANDAĞI"}
{"_id":1640,"il_adi":"AYDIN","il_id":9,"ilce_adi":"SULTANHİSAR"}
{"_id":1641,"il_adi":"AMASYA","il_id":5,"ilce_adi":"SULUOVA"}
{"_id":1642,"il_adi":"ÇORUM","il_id":19,"ilce_adi":"SUNGURLU"}
{"_id":1643,"il_adi":"ŞANLIURFA","il_id":63,"ilce_adi":"SURUÇ"}
{"_id":1644,"il_adi":"BALIKESİR","il_id":10,"ilce_adi":"SUSURLUK"}
{"_id":1645,"il_adi":"KARS","il_id":36,"ilce_adi":"SUSUZ"}
{"_id":1646,"il_adi":"SİVAS","il_id":58,"ilce_adi":"SUŞEHRİ"}
{"_id":1647,"il_adi":"TRABZON","il_id":61,"ilce_adi":"SÜRMENE"}
{"_id":1648,"il_adi":"ISPARTA","il_id":32,"ilce_adi":"SÜTÇÜLER"}
{"_id":1649,"il_adi":"ÇANKIRI","il_id":18,"ilce_adi":"ŞABANÖZÜ"}
{"_id":1650,"il_adi":"SİVAS","il_id":58,"ilce_adi":"ŞARKIŞLA"}
{"_id":1651,"il_adi":"ISPARTA","il_id":32,"ilce_adi":"ŞARKİKARAAĞAÇ"}
{"_id":1652,"il_adi":"TEKİRDAĞ","il_id":59,"ilce_adi":"ŞARKÖY"}
{"_id":1653,"il_adi":"ARTVİN","il_id":8,"ilce_adi":"ŞAVŞAT"}
{"_id":1654,"il_adi":"GİRESUN","il_id":28,"ilce_adi":"ŞEBİNKARAHİSAR"}
{"_id":1655,"il_adi":"YOZGAT","il_id":66,"ilce_adi":"ŞEFAATLİ"}
{"_id":1656,"il_adi":"HAKKARİ","il_id":30,"ilce_adi":"ŞEMDİNLİ"}
{"_id":1657,"il_adi":"ERZURUM","il_id":25,"ilce_adi":"ŞENKAYA"}
{"_id":1658,"il_adi":"ANKARA","il_id":6,"ilce_adi":"ŞEREFLİKOÇHİSAR"}
{"_id":1659,"il_adi":"İSTANBUL","il_id":34,"ilce_adi":"ŞİLE"}
{"_id":1660,"il_adi":"GÜMÜŞHANE","il_id":29,"ilce_adi":"ŞİRAN"}
{"_id":1661,"il_adi":"ŞIRNAK","il_id":73,"ilce_adi":"MERKEZ"}
{"_id":1662,"il_adi":"SİİRT","il_id":56,"ilce_adi":"ŞİRVAN"}
{"_id":1663,"il_adi":"İSTANBUL","il_id":34,"ilce_adi":"ŞİŞLİ"}
{"_id":1664,"il_adi":"AFYONKARAHİSAR","il_id":3,"ilce_adi":"ŞUHUT"}
{"_id":1665,"il_adi":"MERSİN","il_id":33,"ilce_adi":"TARSUS"}
{"_id":1666,"il_adi":"KASTAMONU","il_id":37,"ilce_adi":"TAŞKÖPRÜ"}
{"_id":1667,"il_adi":"AĞRI","il_id":4,"ilce_adi":"TAŞLIÇAY"}
{"_id":1668,"il_adi":"AMASYA","il_id":5,"ilce_adi":"TAŞOVA"}
{"_id":1669,"il_adi":"BİTLİS","il_id":13,"ilce_adi":"TATVAN"}
{"_id":1670,"il_adi":"DENİZLİ","il_id":20,"ilce_adi":"TAVAS"}
{"_id":1671,"il_adi":"KÜTAHYA","il_id":43,"ilce_adi":"TAVŞANLI"}
{"_id":1672,"il_adi":"BURDUR","il_id":15,"ilce_adi":"TEFENNİ"}
{"_id":1674,"il_adi":"ERZURUM","il_id":25,"ilce_adi":"TEKMAN"}
{"_id":1675,"il_adi":"ERZİNCAN","il_id":24,"ilce_adi":"TERCAN"}
{"_id":1676,"il_adi":"SAMSUN","il_id":55,"ilce_adi":"TERME"}
{"_id":1677,"il_adi":"İZMİR","il_id":35,"ilce_adi":"TİRE"}
{"_id":1678,"il_adi":"GİRESUN","il_id":28,"ilce_adi":"TİREBOLU"}
{"_id":1679,"il_adi":"TOKAT","il_id":60,"ilce_adi":"MERKEZ"}
{"_id":1680,"il_adi":"KAYSERİ","il_id":38,"ilce_adi":"TOMARZA"}
{"_id":1681,"il_adi":"TRABZON","il_id":61,"ilce_adi":"TONYA"}
{"_id":1682,"il_adi":"İZMİR","il_id":35,"ilce_adi":"TORBALI"}
{"_id":1683,"il_adi":"ERZURUM","il_id":25,"ilce_adi":"TORTUM"}
{"_id":1684,"il_adi":"GÜMÜŞHANE","il_id":29,"ilce_adi":"TORUL"}
{"_id":1685,"il_adi":"KASTAMONU","il_id":37,"ilce_adi":"TOSYA"}
{"_id":1687,"il_adi":"ADANA","il_id":1,"ilce_adi":"TUFANBEYLİ"}
{"_id":1688,"il_adi":"TUNCELİ","il_id":62,"ilce_adi":"MERKEZ"}
{"_id":1689,"il_adi":"MANİSA","il_id":45,"ilce_adi":"TURGUTLU"}
{"_id":1690,"il_adi":"TOKAT","il_id":60,"ilce_adi":"TURHAL"}
{"_id":1691,"il_adi":"AĞRI","il_id":4,"ilce_adi":"TUTAK"}
{"_id":1692,"il_adi":"IĞDIR","il_id":76,"ilce_adi":"TUZLUCA"}
{"_id":1693,"il_adi":"SİNOP","il_id":57,"ilce_adi":"TÜRKELİ"}
{"_id":1694,"il_adi":"KAHRAMANMARAŞ","il_id":46,"ilce_adi":"TÜRKOĞLU"}
{"_id":1695,"il_adi":"MUĞLA","il_id":48,"ilce_adi":"ULA"}
{"_id":1696,"il_adi":"ORDU","il_id":52,"ilce_adi":"ULUBEY"}
{"_id":1697,"il_adi":"UŞAK","il_id":64,"ilce_adi":"ULUBEY"}
{"_id":1698,"il_adi":"ŞIRNAK","il_id":73,"ilce_adi":"ULUDERE"}
{"_id":1699,"il_adi":"ISPARTA","il_id":32,"ilce_adi":"ULUBORLU"}
{"_id":1700,"il_adi":"NİĞDE","il_id":51,"ilce_adi":"ULUKIŞLA"}
{"_id":1701,"il_adi":"BARTIN","il_id":74,"ilce_adi":"ULUS"}
{"_id":1703,"il_adi":"İZMİR","il_id":35,"ilce_adi":"URLA"}
{"_id":1704,"il_adi":"UŞAK","il_id":64,"ilce_adi":"MERKEZ"}
{"_id":1705,"il_adi":"EDİRNE","il_id":22,"ilce_adi":"UZUNKÖPRÜ"}
{"_id":1706,"il_adi":"ORDU","il_id":52,"ilce_adi":"ÜNYE"}
{"_id":1707,"il_adi":"NEVŞEHİR","il_id":50,"ilce_adi":"ÜRGÜP"}
{"_id":1708,"il_adi":"İSTANBUL","il_id":34,"ilce_adi":"ÜSKÜDAR"}
{"_id":1709,"il_adi":"TRABZON","il_id":61,"ilce_adi":"VAKFIKEBİR"}
{"_id":1711,"il_adi":"MUŞ","il_id":49,"ilce_adi":"VARTO"}
{"_id":1712,"il_adi":"SAMSUN","il_id":55,"ilce_adi":"VEZİRKÖPRÜ"}
{"_id":1713,"il_adi":"ŞANLIURFA","il_id":63,"ilce_adi":"VİRANŞEHİR"}
{"_id":1714,"il_adi":"KIRKLARELİ","il_id":39,"ilce_adi":"VİZE"}
{"_id":1715,"il_adi":"KAYSERİ","il_id":38,"ilce_adi":"YAHYALI"}
{"_id":1716,"il_adi":"YALOVA","il_id":77,"ilce_adi":"MERKEZ"}
{"_id":1717,"il_adi":"ISPARTA","il_id":32,"ilce_adi":"YALVAÇ"}
{"_id":1718,"il_adi":"ÇANKIRI","il_id":18,"ilce_adi":"YAPRAKLI"}
{"_id":1719,"il_adi":"MUĞLA","il_id":48,"ilce_adi":"YATAĞAN"}
{"_id":1720,"il_adi":"GAZİANTEP","il_id":27,"ilce_adi":"YAVUZELİ"}
{"_id":1721,"il_adi":"HATAY","il_id":31,"ilce_adi":"YAYLADAĞI"}
{"_id":1722,"il_adi":"ÇANAKKALE","il_id":17,"ilce_adi":"YENİCE"}
{"_id":1723,"il_adi":"ANKARA","il_id":6,"ilce_adi":"YENİMAHALLE"}
{"_id":1724,"il_adi":"AYDIN","il_id":9,"ilce_adi":"YENİPAZAR"}
{"_id":1725,"il_adi":"BURSA","il_id":16,"ilce_adi":"YENİŞEHİR"}
{"_id":1726,"il_adi":"YOZGAT","il_id":66,"ilce_adi":"YERKÖY"}
{"_id":1727,"il_adi":"KAYSERİ","il_id":38,"ilce_adi":"YEŞİLHİSAR"}
{"_id":1728,"il_adi":"BURDUR","il_id":15,"ilce_adi":"YEŞİLOVA"}
{"_id":1729,"il_adi":"MALATYA","il_id":44,"ilce_adi":"YEŞİLYURT"}
{"_id":1730,"il_adi":"DÜZCE","il_id":81,"ilce_adi":"YIĞILCA"}
{"_id":1731,"il_adi":"SİVAS","il_id":58,"ilce_adi":"YILDIZELİ"}
{"_id":1732,"il_adi":"TRABZON","il_id":61,"ilce_adi":"YOMRA"}
{"_id":1733,"il_adi":"YOZGAT","il_id":66,"ilce_adi":"MERKEZ"}
{"_id":1734,"il_adi":"ADANA","il_id":1,"ilce_adi":"YUMURTALIK"}
{"_id":1735,"il_adi":"KONYA","il_id":42,"ilce_adi":"YUNAK"}
{"_id":1736,"il_adi":"ARTVİN","il_id":8,"ilce_adi":"YUSUFELİ"}
{"_id":1737,"il_adi":"HAKKARİ","il_id":30,"ilce_adi":"YÜKSEKOVA"}
{"_id":1738,"il_adi":"SİVAS","il_id":58,"ilce_adi":"ZARA"}
{"_id":1739,"il_adi":"İSTANBUL","il_id":34,"ilce_adi":"ZEYTİNBURNU"}
{"_id":1740,"il_adi":"TOKAT","il_id":60,"ilce_adi":"ZİLE"}
{"_id":1741,"il_adi":"ZONGULDAK","il_id":67,"ilce_adi":"MERKEZ"}
{"_id":1742,"il_adi":"MUĞLA","il_id":48,"ilce_adi":"DALAMAN"}
{"_id":1743,"il_adi":"OSMANİYE","il_id":80,"ilce_adi":"DÜZİÇİ"}
{"_id":1744,"il_adi":"ANKARA","il_id":6,"ilce_adi":"GÖLBAŞI"}
{"_id":1745,"il_adi":"ANKARA","il_id":6,"ilce_adi":"KEÇİÖREN"}
{"_id":1746,"il_adi":"ANKARA","il_id":6,"ilce_adi":"MAMAK"}
{"_id":1747,"il_adi":"ANKARA","il_id":6,"ilce_adi":"SİNCAN"}
{"_id":1748,"il_adi":"ADANA","il_id":1,"ilce_adi":"YÜREĞİR"}
{"_id":1749,"il_adi":"NEVŞEHİR","il_id":50,"ilce_adi":"ACIGÖL"}
{"_id":1750,"il_adi":"BİNGÖL","il_id":12,"ilce_adi":"ADAKLI"}
{"_id":1751,"il_adi":"MANİSA","il_id":45,"ilce_adi":"AHMETLİ"}
{"_id":1752,"il_adi":"KAYSERİ","il_id":38,"ilce_adi":"AKKIŞLA"}
{"_id":1753,"il_adi":"KONYA","il_id":42,"ilce_adi":"AKÖREN"}
{"_id":1754,"il_adi":"KIRŞEHİR","il_id":40,"ilce_adi":"AKPINAR"}
{"_id":1755,"il_adi":"ISPARTA","il_id":32,"ilce_adi":"AKSU"}
{"_id":1756,"il_adi":"KARS","il_id":36,"ilce_adi":"AKYAKA"}
{"_id":1757,"il_adi":"ADANA","il_id":1,"ilce_adi":"ALADAĞ"}
{"_id":1758,"il_adi":"ZONGULDAK","il_id":67,"ilce_adi":"ALAPLI"}
{"_id":1759,"il_adi":"ESKİŞEHİR","il_id":26,"ilce_adi":"ALPU"}
{"_id":1760,"il_adi":"KONYA","il_id":42,"ilce_adi":"ALTINEKİN"}
{"_id":1761,"il_adi":"BARTIN","il_id":74,"ilce_adi":"AMASRA"}
{"_id":1762,"il_adi":"ELAZIĞ","il_id":23,"ilce_adi":"ARICAK"}
{"_id":1763,"il_adi":"SAMSUN","il_id":55,"ilce_adi":"ASARCIK"}
{"_id":1764,"il_adi":"KÜTAHYA","il_id":43,"ilce_adi":"ASLANAPA"}
{"_id":1765,"il_adi":"ÇANKIRI","il_id":18,"ilce_adi":"ATKARACALAR"}
{"_id":1766,"il_adi":"MERSİN","il_id":33,"ilce_adi":"AYDINCIK"}
{"_id":1767,"il_adi":"BAYBURT","il_id":69,"ilce_adi":"AYDINTEPE"}
{"_id":1768,"il_adi":"KARAMAN","il_id":70,"ilce_adi":"AYRANCI"}
{"_id":1769,"il_adi":"DENİZLİ","il_id":20,"ilce_adi":"BABADAĞ"}
{"_id":1770,"il_adi":"VAN","il_id":65,"ilce_adi":"BAHÇESARAY"}
{"_id":1771,"il_adi":"AFYONKARAHİSAR","il_id":3,"ilce_adi":"BAŞMAKÇI"}
{"_id":1772,"il_adi":"MALATYA","il_id":44,"ilce_adi":"BATTALGAZİ"}
{"_id":1773,"il_adi":"AFYONKARAHİSAR","il_id":3,"ilce_adi":"BAYAT"}
{"_id":1774,"il_adi":"DENİZLİ","il_id":20,"ilce_adi":"BEKİLLİ"}
{"_id":1775,"il_adi":"TRABZON","il_id":61,"ilce_adi":"BEŞİKDÜZÜ"}
{"_id":1776,"il_adi":"İZMİR","il_id":35,"ilce_adi":"BEYDAĞ"}
{"_id":1777,"il_adi":"ESKİŞEHİR","il_id":26,"ilce_adi":"BEYLİKOVA"}
{"_id":1778,"il_adi":"ÇORUM","il_id":19,"ilce_adi":"BOĞAZKALE"}
{"_id":1779,"il_adi":"MERSİN","il_id":33,"ilce_adi":"BOZYAZI"}
{"_id":1780,"il_adi":"İZMİR","il_id":35,"ilce_adi":"BUCA"}
{"_id":1781,"il_adi":"AYDIN","il_id":9,"ilce_adi":"BUHARKENT"}
{"_id":1782,"il_adi":"İSTANBUL","il_id":34,"ilce_adi":"BÜYÜKÇEKMECE"}
{"_id":1783,"il_adi":"BURSA","il_id":16,"ilce_adi":"BÜYÜKORHAN"}
{"_id":1784,"il_adi":"DÜZCE","il_id":81,"ilce_adi":"CUMAYERİ"}
{"_id":1785,"il_adi":"KAHRAMANMARAŞ","il_id":46,"ilce_adi":"ÇAĞLAYANCERİT"}
{"_id":1786,"il_adi":"VAN","il_id":65,"ilce_adi":"ÇALDIRAN"}
{"_id":1787,"il_adi":"MARDİN","il_id":47,"ilce_adi":"DARGEÇİT"}
{"_id":1788,"il_adi":"BAYBURT","il_id":69,"ilce_adi":"DEMİRÖZÜ"}
{"_id":1789,"il_adi":"KONYA","il_id":42,"ilce_adi":"DEREBUCAK"}
{"_id":1790,"il_adi":"KÜTAHYA","il_id":43,"ilce_adi":"DUMLUPINAR"}
{"_id":1791,"il_adi":"DİYARBAKIR","il_id":21,"ilce_adi":"EĞİL"}
{"_id":1792,"il_adi":"HATAY","il_id":31,"ilce_adi":"ERZİN"}
{"_id":1793,"il_adi":"MANİSA","il_id":45,"ilce_adi":"GÖLMARMARA"}
{"_id":1794,"il_adi":"DÜZCE","il_id":81,"ilce_adi":"GÖLYAKA"}
{"_id":1795,"il_adi":"ORDU","il_id":52,"ilce_adi":"GÜLYALI"}
{"_id":1796,"il_adi":"RİZE","il_id":53,"ilce_adi":"GÜNEYSU"}
{"_id":1797,"il_adi":"ORDU","il_id":52,"ilce_adi":"GÜRGENTEPE"}
{"_id":1798,"il_adi":"BİTLİS","il_id":13,"ilce_adi":"GÜROYMAK"}
{"_id":1799,"il_adi":"BURSA","il_id":16,"ilce_adi":"HARMANCIK"}
{"_id":1800,"il_adi":"ŞANLIURFA","il_id":63,"ilce_adi":"HARRAN"}
{"_id":1801,"il_adi":"MUŞ","il_id":49,"ilce_adi":"HASKÖY"}
{"_id":1802,"il_adi":"KÜTAHYA","il_id":43,"ilce_adi":"HİSARCIK"}
{"_id":1803,"il_adi":"DENİZLİ","il_id":20,"ilce_adi":"HONAZ"}
{"_id":1804,"il_adi":"KONYA","il_id":42,"ilce_adi":"HÜYÜK"}
{"_id":1805,"il_adi":"KASTAMONU","il_id":37,"ilce_adi":"İHSANGAZİ"}
{"_id":1806,"il_adi":"ADANA","il_id":1,"ilce_adi":"İMAMOĞLU"}
{"_id":1807,"il_adi":"AYDIN","il_id":9,"ilce_adi":"İNCİRLİOVA"}
{"_id":1808,"il_adi":"ESKİŞEHİR","il_id":26,"ilce_adi":"İNÖNÜ"}
{"_id":1809,"il_adi":"AFYONKARAHİSAR","il_id":3,"ilce_adi":"İSCEHİSAR"}
{"_id":1810,"il_adi":"İSTANBUL","il_id":34,"ilce_adi":"KAĞITHANE"}
{"_id":1811,"il_adi":"ANTALYA","il_id":7,"ilce_adi":"DEMRE"}
{"_id":1812,"il_adi":"ERZURUM","il_id":25,"ilce_adi":"KARAÇOBAN"}
{"_id":1813,"il_adi":"BURDUR","il_id":15,"ilce_adi":"KARAMANLI"}
{"_id":1814,"il_adi":"KONYA","il_id":42,"ilce_adi":"KARATAY"}
{"_id":1815,"il_adi":"ANKARA","il_id":6,"ilce_adi":"KAHRAMANKAZAN"}
{"_id":1816,"il_adi":"BURDUR","il_id":15,"ilce_adi":"KEMER"}
{"_id":1817,"il_adi":"ÇANKIRI","il_id":18,"ilce_adi":"KIZILIRMAK"}
{"_id":1818,"il_adi":"SAKARYA","il_id":54,"ilce_adi":"KOCAALİ"}
{"_id":1819,"il_adi":"İZMİR","il_id":35,"ilce_adi":"KONAK"}
{"_id":1820,"il_adi":"ELAZIĞ","il_id":23,"ilce_adi":"KOVANCILAR"}
{"_id":1821,"il_adi":"KOCAELİ","il_id":41,"ilce_adi":"KÖRFEZ"}
{"_id":1822,"il_adi":"GÜMÜŞHANE","il_id":29,"ilce_adi":"KÖSE"}
{"_id":1823,"il_adi":"İSTANBUL","il_id":34,"ilce_adi":"KÜÇÜKÇEKMECE"}
{"_id":1824,"il_adi":"BALIKESİR","il_id":10,"ilce_adi":"MARMARA"}
{"_id":1825,"il_adi":"TEKİRDAĞ","il_id":59,"ilce_adi":"MARMARAEREĞLİSİ"}
{"_id":1826,"il_adi":"İZMİR","il_id":35,"ilce_adi":"MENDERES"}
{"_id":1827,"il_adi":"KONYA","il_id":42,"ilce_adi":"MERAM"}
{"_id":1828,"il_adi":"ARTVİN","il_id":8,"ilce_adi":"MURGUL"}
{"_id":1829,"il_adi":"BURSA","il_id":16,"ilce_adi":"NİLÜFER"}
{"_id":1830,"il_adi":"SAMSUN","il_id":55,"ilce_adi":"19 MAYIS"}
{"_id":1831,"il_adi":"MUĞLA","il_id":48,"ilce_adi":"ORTACA"}
{"_id":1832,"il_adi":"BURSA","il_id":16,"ilce_adi":"OSMANGAZİ"}
{"_id":1833,"il_adi":"SAKARYA","il_id":54,"ilce_adi":"PAMUKOVA"}
{"_id":1834,"il_adi":"TOKAT","il_id":60,"ilce_adi":"PAZAR"}
{"_id":1835,"il_adi":"İSTANBUL","il_id":34,"ilce_adi":"PENDİK"}
{"_id":1836,"il_adi":"KASTAMONU","il_id":37,"ilce_adi":"PINARBAŞI"}
{"_id":1837,"il_adi":"GİRESUN","il_id":28,"ilce_adi":"PİRAZİZ"}
{"_id":1838,"il_adi":"SAMSUN","il_id":55,"ilce_adi":"SALIPAZARI"}
{"_id":1839,"il_adi":"KONYA","il_id":42,"ilce_adi":"SELÇUKLU"}
{"_id":1840,"il_adi":"DENİZLİ","il_id":20,"ilce_adi":"SERİNHİSAR"}
{"_id":1841,"il_adi":"GAZİANTEP","il_id":27,"ilce_adi":"ŞAHİNBEY"}
{"_id":1842,"il_adi":"TRABZON","il_id":61,"ilce_adi":"ŞALPAZARI"}
{"_id":1843,"il_adi":"KÜTAHYA","il_id":43,"ilce_adi":"ŞAPHANE"}
{"_id":1844,"il_adi":"GAZİANTEP","il_id":27,"ilce_adi":"ŞEHİTKAMİL"}
{"_id":1845,"il_adi":"KASTAMONU","il_id":37,"ilce_adi":"ŞENPAZAR"}
{"_id":1846,"il_adi":"KAYSERİ","il_id":38,"ilce_adi":"TALAS"}
{"_id":1847,"il_adi":"SAKARYA","il_id":54,"ilce_adi":"TARAKLI"}
{"_id":1848,"il_adi":"KONYA","il_id":42,"ilce_adi":"TAŞKENT"}
{"_id":1849,"il_adi":"SAMSUN","il_id":55,"ilce_adi":"TEKKEKÖY"}
{"_id":1850,"il_adi":"ÇORUM","il_id":19,"ilce_adi":"UĞURLUDAĞ"}
{"_id":1851,"il_adi":"ERZURUM","il_id":25,"ilce_adi":"UZUNDERE"}
{"_id":1852,"il_adi":"İSTANBUL","il_id":34,"ilce_adi":"ÜMRANİYE"}
{"_id":1853,"il_adi":"ERZİNCAN","il_id":24,"ilce_adi":"ÜZÜMLÜ"}
{"_id":1854,"il_adi":"GİRESUN","il_id":28,"ilce_adi":"YAĞLIDERE"}
{"_id":1855,"il_adi":"BİNGÖL","il_id":12,"ilce_adi":"YAYLADERE"}
{"_id":1856,"il_adi":"KARABÜK","il_id":78,"ilce_adi":"YENİCE"}
{"_id":1857,"il_adi":"BİLECİK","il_id":11,"ilce_adi":"YENİPAZAR"}
{"_id":1858,"il_adi":"TOKAT","il_id":60,"ilce_adi":"YEŞİLYURT"}
{"_id":1859,"il_adi":"BURSA","il_id":16,"ilce_adi":"YILDIRIM"}
{"_id":1860,"il_adi":"AKSARAY","il_id":68,"ilce_adi":"AĞAÇÖREN"}
{"_id":1861,"il_adi":"AKSARAY","il_id":68,"ilce_adi":"GÜZELYURT"}
{"_id":1862,"il_adi":"KARAMAN","il_id":70,"ilce_adi":"KAZIMKARABEKİR"}
{"_id":1863,"il_adi":"KAYSERİ","il_id":38,"ilce_adi":"KOCASİNAN"}
{"_id":1864,"il_adi":"KAYSERİ","il_id":38,"ilce_adi":"MELİKGAZİ"}
{"_id":1865,"il_adi":"ERZURUM","il_id":25,"ilce_adi":"PAZARYOLU"}
{"_id":1866,"il_adi":"AKSARAY","il_id":68,"ilce_adi":"SARIYAHŞİ"}
{"_id":1867,"il_adi":"KASTAMONU","il_id":37,"ilce_adi":"AĞLI"}
{"_id":1868,"il_adi":"KONYA","il_id":42,"ilce_adi":"AHIRLI"}
{"_id":1869,"il_adi":"KIRŞEHİR","il_id":40,"ilce_adi":"AKÇAKENT"}
{"_id":1870,"il_adi":"SİVAS","il_id":58,"ilce_adi":"AKINCILAR"}
{"_id":1871,"il_adi":"DENİZLİ","il_id":20,"ilce_adi":"PAMUKKALE"}
{"_id":1872,"il_adi":"ANKARA","il_id":6,"ilce_adi":"AKYURT"}
{"_id":1873,"il_adi":"ELAZIĞ","il_id":23,"ilce_adi":"ALACAKAYA"}
{"_id":1874,"il_adi":"BURDUR","il_id":15,"ilce_adi":"ALTINYAYLA"}
{"_id":1875,"il_adi":"SİVAS","il_id":58,"ilce_adi":"ALTINYAYLA"}
{"_id":1876,"il_adi":"NİĞDE","il_id":51,"ilce_adi":"ALTUNHİSAR"}
{"_id":1877,"il_adi":"YOZGAT","il_id":66,"ilce_adi":"AYDINCIK"}
{"_id":1878,"il_adi":"SİİRT","il_id":56,"ilce_adi":"TİLLO"}
{"_id":1879,"il_adi":"SAMSUN","il_id":55,"ilce_adi":"AYVACIK"}
{"_id":1880,"il_adi":"KIRIKKALE","il_id":71,"ilce_adi":"BAHŞILI"}
{"_id":1881,"il_adi":"DENİZLİ","il_id":20,"ilce_adi":"BAKLAN"}
{"_id":1882,"il_adi":"KIRIKKALE","il_id":71,"ilce_adi":"BALIŞEYH"}
{"_id":1883,"il_adi":"TOKAT","il_id":60,"ilce_adi":"BAŞÇİFTLİK"}
{"_id":1884,"il_adi":"KARAMAN","il_id":70,"ilce_adi":"BAŞYAYLA"}
{"_id":1885,"il_adi":"ÇANKIRI","il_id":18,"ilce_adi":"BAYRAMÖREN"}
{"_id":1886,"il_adi":"İSTANBUL","il_id":34,"ilce_adi":"BAYRAMPAŞA"}
{"_id":1887,"il_adi":"HATAY","il_id":31,"ilce_adi":"BELEN"}
{"_id":1888,"il_adi":"DENİZLİ","il_id":20,"ilce_adi":"BEYAĞAÇ"}
{"_id":1889,"il_adi":"DENİZLİ","il_id":20,"ilce_adi":"BOZKURT"}
{"_id":1890,"il_adi":"KIRŞEHİR","il_id":40,"ilce_adi":"BOZTEPE"}
{"_id":1891,"il_adi":"ORDU","il_id":52,"ilce_adi":"ÇAMAŞ"}
{"_id":1892,"il_adi":"MERSİN","il_id":33,"ilce_adi":"ÇAMLIYAYLA"}
{"_id":1893,"il_adi":"GİRESUN","il_id":28,"ilce_adi":"ÇAMOLUK"}
{"_id":1894,"il_adi":"GİRESUN","il_id":28,"ilce_adi":"ÇANAKÇI"}
{"_id":1895,"il_adi":"YOZGAT","il_id":66,"ilce_adi":"ÇANDIR"}
{"_id":1896,"il_adi":"TRABZON","il_id":61,"ilce_adi":"ÇARŞIBAŞI"}
{"_id":1897,"il_adi":"ORDU","il_id":52,"ilce_adi":"ÇATALPINAR"}
{"_id":1898,"il_adi":"KÜTAHYA","il_id":43,"ilce_adi":"ÇAVDARHİSAR"}
{"_id":1899,"il_adi":"BURDUR","il_id":15,"ilce_adi":"ÇAVDIR"}
{"_id":1900,"il_adi":"ORDU","il_id":52,"ilce_adi":"ÇAYBAŞI"}
{"_id":1901,"il_adi":"KIRIKKALE","il_id":71,"ilce_adi":"ÇELEBİ"}
{"_id":1902,"il_adi":"KONYA","il_id":42,"ilce_adi":"ÇELTİK"}
{"_id":1903,"il_adi":"BURDUR","il_id":15,"ilce_adi":"ÇELTİKÇİ"}
{"_id":1904,"il_adi":"NİĞDE","il_id":51,"ilce_adi":"ÇİFTLİK"}
{"_id":1905,"il_adi":"DÜZCE","il_id":81,"ilce_adi":"ÇİLİMLİ"}
{"_id":1906,"il_adi":"AFYONKARAHİSAR","il_id":3,"ilce_adi":"ÇOBANLAR"}
{"_id":1907,"il_adi":"KONYA","il_id":42,"ilce_adi":"DERBENT"}
{"_id":1908,"il_adi":"RİZE","il_id":53,"ilce_adi":"DEREPAZARI"}
{"_id":1909,"il_adi":"TRABZON","il_id":61,"ilce_adi":"DERNEKPAZARI"}
{"_id":1910,"il_adi":"SİNOP","il_id":57,"ilce_adi":"DİKMEN"}
{"_id":1911,"il_adi":"ÇORUM","il_id":19,"ilce_adi":"DODURGA"}
{"_id":1912,"il_adi":"GİRESUN","il_id":28,"ilce_adi":"DOĞANKENT"}
{"_id":1913,"il_adi":"SİVAS","il_id":58,"ilce_adi":"DOĞANŞAR"}
{"_id":1914,"il_adi":"MALATYA","il_id":44,"ilce_adi":"DOĞANYOL"}
{"_id":1915,"il_adi":"KASTAMONU","il_id":37,"ilce_adi":"DOĞANYURT"}
{"_id":1916,"il_adi":"BOLU","il_id":14,"ilce_adi":"DÖRTDİVAN"}
{"_id":1917,"il_adi":"TRABZON","il_id":61,"ilce_adi":"DÜZKÖY"}
{"_id":1918,"il_adi":"VAN","il_id":65,"ilce_adi":"EDREMİT"}
{"_id":1919,"il_adi":"KAHRAMANMARAŞ","il_id":46,"ilce_adi":"EKİNÖZÜ"}
{"_id":1920,"il_adi":"KONYA","il_id":42,"ilce_adi":"EMİRGAZİ"}
{"_id":1921,"il_adi":"AKSARAY","il_id":68,"ilce_adi":"ESKİL"}
{"_id":1922,"il_adi":"ANKARA","il_id":6,"ilce_adi":"ETİMESGUT"}
{"_id":1923,"il_adi":"AFYONKARAHİSAR","il_id":3,"ilce_adi":"EVCİLER"}
{"_id":1924,"il_adi":"ANKARA","il_id":6,"ilce_adi":"EVREN"}
{"_id":1925,"il_adi":"SAKARYA","il_id":54,"ilce_adi":"FERİZLİ"}
{"_id":1926,"il_adi":"ZONGULDAK","il_id":67,"ilce_adi":"GÖKÇEBEY"}
{"_id":1927,"il_adi":"SİVAS","il_id":58,"ilce_adi":"GÖLOVA"}
{"_id":1928,"il_adi":"BALIKESİR","il_id":10,"ilce_adi":"GÖMEÇ"}
{"_id":1929,"il_adi":"ISPARTA","il_id":32,"ilce_adi":"GÖNEN"}
{"_id":1930,"il_adi":"GİRESUN","il_id":28,"ilce_adi":"GÜCE"}
{"_id":1931,"il_adi":"ŞIRNAK","il_id":73,"ilce_adi":"GÜÇLÜKONAK"}
{"_id":1932,"il_adi":"AKSARAY","il_id":68,"ilce_adi":"GÜLAĞAÇ"}
{"_id":1933,"il_adi":"KONYA","il_id":42,"ilce_adi":"GÜNEYSINIR"}
{"_id":1934,"il_adi":"ESKİŞEHİR","il_id":26,"ilce_adi":"GÜNYÜZÜ"}
{"_id":1935,"il_adi":"BURSA","il_id":16,"ilce_adi":"GÜRSU"}
{"_id":1936,"il_adi":"KAYSERİ","il_id":38,"ilce_adi":"HACILAR"}
{"_id":1937,"il_adi":"KONYA","il_id":42,"ilce_adi":"HALKAPINAR"}
{"_id":1938,"il_adi":"AMASYA","il_id":5,"ilce_adi":"HAMAMÖZÜ"}
{"_id":1939,"il_adi":"ESKİŞEHİR","il_id":26,"ilce_adi":"HAN"}
{"_id":1940,"il_adi":"KASTAMONU","il_id":37,"ilce_adi":"HANÖNÜ"}
{"_id":1941,"il_adi":"BATMAN","il_id":72,"ilce_adi":"HASANKEYF"}
{"_id":1942,"il_adi":"TRABZON","il_id":61,"ilce_adi":"HAYRAT"}
{"_id":1943,"il_adi":"RİZE","il_id":53,"ilce_adi":"HEMŞİN"}
{"_id":1944,"il_adi":"AFYONKARAHİSAR","il_id":3,"ilce_adi":"HOCALAR"}
{"_id":1945,"il_adi":"ERZURUM","il_id":25,"ilce_adi":"AZİZİYE"}
{"_id":1946,"il_adi":"ANTALYA","il_id":7,"ilce_adi":"İBRADI"}
{"_id":1947,"il_adi":"ORDU","il_id":52,"ilce_adi":"İKİZCE"}
{"_id":1948,"il_adi":"BİLECİK","il_id":11,"ilce_adi":"İNHİSAR"}
{"_id":1949,"il_adi":"RİZE","il_id":53,"ilce_adi":"İYİDERE"}
{"_id":1950,"il_adi":"ORDU","il_id":52,"ilce_adi":"KABADÜZ"}
{"_id":1951,"il_adi":"ORDU","il_id":52,"ilce_adi":"KABATAŞ"}
{"_id":1952,"il_adi":"YOZGAT","il_id":66,"ilce_adi":"KADIŞEHRİ"}
{"_id":1953,"il_adi":"MALATYA","il_id":44,"ilce_adi":"KALE"}
{"_id":1954,"il_adi":"KIRIKKALE","il_id":71,"ilce_adi":"KARAKEÇİLİ"}
{"_id":1955,"il_adi":"SAKARYA","il_id":54,"ilce_adi":"KARAPÜRÇEK"}
{"_id":1956,"il_adi":"GAZİANTEP","il_id":27,"ilce_adi":"KARKAMIŞ"}
{"_id":1957,"il_adi":"AYDIN","il_id":9,"ilce_adi":"KARPUZLU"}
{"_id":1958,"il_adi":"MUĞLA","il_id":48,"ilce_adi":"KAVAKLIDERE"}
{"_id":1959,"il_adi":"ANTALYA","il_id":7,"ilce_adi":"KEMER"}
{"_id":1960,"il_adi":"BURSA","il_id":16,"ilce_adi":"KESTEL"}
{"_id":1961,"il_adi":"AFYONKARAHİSAR","il_id":3,"ilce_adi":"KIZILÖREN"}
{"_id":1962,"il_adi":"DİYARBAKIR","il_id":21,"ilce_adi":"KOCAKÖY"}
{"_id":1963,"il_adi":"ÇANKIRI","il_id":18,"ilce_adi":"KORGUN"}
{"_id":1964,"il_adi":"MUŞ","il_id":49,"ilce_adi":"KORKUT"}
{"_id":1965,"il_adi":"MANİSA","il_id":45,"ilce_adi":"KÖPRÜBAŞI"}
{"_id":1966,"il_adi":"TRABZON","il_id":61,"ilce_adi":"KÖPRÜBAŞI"}
{"_id":1967,"il_adi":"ERZURUM","il_id":25,"ilce_adi":"KÖPRÜKÖY"}
{"_id":1968,"il_adi":"AYDIN","il_id":9,"ilce_adi":"KÖŞK"}
{"_id":1969,"il_adi":"MALATYA","il_id":44,"ilce_adi":"KULUNCAK"}
{"_id":1970,"il_adi":"HATAY","il_id":31,"ilce_adi":"KUMLU"}
{"_id":1971,"il_adi":"GÜMÜŞHANE","il_id":29,"ilce_adi":"KÜRTÜN"}
{"_id":1972,"il_adi":"ÇORUM","il_id":19,"ilce_adi":"LAÇİN"}
{"_id":1973,"il_adi":"ESKİŞEHİR","il_id":26,"ilce_adi":"MİHALGAZİ"}
{"_id":1974,"il_adi":"GAZİANTEP","il_id":27,"ilce_adi":"NURDAĞI"}
{"_id":1975,"il_adi":"KAHRAMANMARAŞ","il_id":46,"ilce_adi":"NURHAK"}
{"_id":1976,"il_adi":"ÇORUM","il_id":19,"ilce_adi":"OĞUZLAR"}
{"_id":1977,"il_adi":"ERZİNCAN","il_id":24,"ilce_adi":"OTLUKBELİ"}
{"_id":1978,"il_adi":"KAYSERİ","il_id":38,"ilce_adi":"ÖZVATAN"}
{"_id":1979,"il_adi":"KÜTAHYA","il_id":43,"ilce_adi":"PAZARLAR"}
{"_id":1980,"il_adi":"VAN","il_id":65,"ilce_adi":"SARAY"}
{"_id":1981,"il_adi":"SİNOP","il_id":57,"ilce_adi":"SARAYDÜZÜ"}
{"_id":1982,"il_adi":"YOZGAT","il_id":66,"ilce_adi":"SARAYKENT"}
{"_id":1983,"il_adi":"KARAMAN","il_id":70,"ilce_adi":"SARIVELİLER"}
{"_id":1984,"il_adi":"KASTAMONU","il_id":37,"ilce_adi":"SEYDİLER"}
{"_id":1985,"il_adi":"ADIYAMAN","il_id":2,"ilce_adi":"SİNCİK"}
{"_id":1986,"il_adi":"SAKARYA","il_id":54,"ilce_adi":"SÖĞÜTLÜ"}
{"_id":1987,"il_adi":"TOKAT","il_id":60,"ilce_adi":"SULUSARAY"}
{"_id":1988,"il_adi":"EDİRNE","il_id":22,"ilce_adi":"SÜLOĞLU"}
{"_id":1989,"il_adi":"ADIYAMAN","il_id":2,"ilce_adi":"TUT"}
{"_id":1990,"il_adi":"KONYA","il_id":42,"ilce_adi":"TUZLUKÇU"}
{"_id":1991,"il_adi":"SİVAS","il_id":58,"ilce_adi":"ULAŞ"}
{"_id":1992,"il_adi":"KIRIKKALE","il_id":71,"ilce_adi":"YAHŞİHAN"}
{"_id":1993,"il_adi":"SAMSUN","il_id":55,"ilce_adi":"YAKAKENT"}
{"_id":1994,"il_adi":"KONYA","il_id":42,"ilce_adi":"YALIHÜYÜK"}
{"_id":1995,"il_adi":"MALATYA","il_id":44,"ilce_adi":"YAZIHAN"}
{"_id":1996,"il_adi":"BİNGÖL","il_id":12,"ilce_adi":"YEDİSU"}
{"_id":1997,"il_adi":"BOLU","il_id":14,"ilce_adi":"YENİÇAĞA"}
{"_id":1998,"il_adi":"YOZGAT","il_id":66,"ilce_adi":"YENİFAKILI"}
{"_id":2000,"il_adi":"AYDIN","il_id":9,"ilce_adi":"DİDİM"}
{"_id":2001,"il_adi":"ISPARTA","il_id":32,"ilce_adi":"YENİŞARBADEMLİ"}
{"_id":2002,"il_adi":"MARDİN","il_id":47,"ilce_adi":"YEŞİLLİ"}
{"_id":2003,"il_adi":"İSTANBUL","il_id":34,"ilce_adi":"AVCILAR"}
{"_id":2004,"il_adi":"İSTANBUL","il_id":34,"ilce_adi":"BAĞCILAR"}
{"_id":2005,"il_adi":"İSTANBUL","il_id":34,"ilce_adi":"BAHÇELİEVLER"}
{"_id":2006,"il_adi":"İZMİR","il_id":35,"ilce_adi":"BALÇOVA"}
{"_id":2007,"il_adi":"İZMİR","il_id":35,"ilce_adi":"ÇİĞLİ"}
{"_id":2008,"il_adi":"ARDAHAN","il_id":75,"ilce_adi":"DAMAL"}
{"_id":2009,"il_adi":"İZMİR","il_id":35,"ilce_adi":"GAZİEMİR"}
{"_id":2010,"il_adi":"İSTANBUL","il_id":34,"ilce_adi":"GÜNGÖREN"}
{"_id":2011,"il_adi":"IĞDIR","il_id":76,"ilce_adi":"KARAKOYUNLU"}
{"_id":2012,"il_adi":"İSTANBUL","il_id":34,"ilce_adi":"MALTEPE"}
{"_id":2013,"il_adi":"İZMİR","il_id":35,"ilce_adi":"NARLIDERE"}
{"_id":2014,"il_adi":"İSTANBUL","il_id":34,"ilce_adi":"SULTANBEYLİ"}
{"_id":2015,"il_adi":"İSTANBUL","il_id":34,"ilce_adi":"TUZLA"}
{"_id":2016,"il_adi":"İSTANBUL","il_id":34,"ilce_adi":"ESENLER"}
{"_id":2017,"il_adi":"DÜZCE","il_id":81,"ilce_adi":"GÜMÜŞOVA"}
{"_id":2018,"il_adi":"İZMİR","il_id":35,"ilce_adi":"GÜZELBAHÇE"}
{"_id":2019,"il_adi":"YALOVA","il_id":77,"ilce_adi":"ALTINOVA"}
{"_id":2020,"il_adi":"YALOVA","il_id":77,"ilce_adi":"ARMUTLU"}
{"_id":2021,"il_adi":"YALOVA","il_id":77,"ilce_adi":"ÇINARCIK"}
{"_id":2022,"il_adi":"YALOVA","il_id":77,"ilce_adi":"ÇİFTLİKKÖY"}
{"_id":2023,"il_adi":"KİLİS","il_id":79,"ilce_adi":"ELBEYLİ"}
{"_id":2024,"il_adi":"KİLİS","il_id":79,"ilce_adi":"MUSABEYLİ"}
{"_id":2025,"il_adi":"KİLİS","il_id":79,"ilce_adi":"POLATELİ"}
{"_id":2026,"il_adi":"YALOVA","il_id":77,"ilce_adi":"TERMAL"}
{"_id":2027,"il_adi":"OSMANİYE","il_id":80,"ilce_adi":"HASANBEYLİ"}
{"_id":2028,"il_adi":"OSMANİYE","il_id":80,"ilce_adi":"SUMBAS"}
{"_id":2029,"il_adi":"OSMANİYE","il_id":80,"ilce_adi":"TOPRAKKALE"}
{"_id":2030,"il_adi":"KOCAELİ","il_id":41,"ilce_adi":"DERİNCE"}
{"_id":2031,"il_adi":"DÜZCE","il_id":81,"ilce_adi":"KAYNAŞLI"}
{"_id":2032,"il_adi":"ADANA","il_id":1,"ilce_adi":"SARIÇAM"}
{"_id":2033,"il_adi":"ADANA","il_id":1,"ilce_adi":"ÇUKUROVA"}
{"_id":2034,"il_adi":"ANKARA","il_id":6,"ilce_adi":"PURSAKLAR"}
{"_id":2035,"il_adi":"ANTALYA","il_id":7,"ilce_adi":"AKSU"}
{"_id":2036,"il_adi":"ANTALYA","il_id":7,"ilce_adi":"DÖŞEMEALTI"}
{"_id":2037,"il_adi":"ANTALYA","il_id":7,"ilce_adi":"KEPEZ"}
{"_id":2038,"il_adi":"ANTALYA","il_id":7,"ilce_adi":"KONYAALTI"}
{"_id":2039,"il_adi":"ANTALYA","il_id":7,"ilce_adi":"MURATPAŞA"}
{"_id":2040,"il_adi":"DİYARBAKIR","il_id":21,"ilce_adi":"BAĞLAR"}
{"_id":2041,"il_adi":"DİYARBAKIR","il_id":21,"ilce_adi":"KAYAPINAR"}
{"_id":2042,"il_adi":"DİYARBAKIR","il_id":21,"ilce_adi":"SUR"}
{"_id":2043,"il_adi":"DİYARBAKIR","il_id":21,"ilce_adi":"YENİŞEHİR"}
{"_id":2044,"il_adi":"ERZURUM","il_id":25,"ilce_adi":"PALANDÖKEN"}
{"_id":2045,"il_adi":"ERZURUM","il_id":25,"ilce_adi":"YAKUTİYE"}
{"_id":2046,"il_adi":"ESKİŞEHİR","il_id":26,"ilce_adi":"ODUNPAZARI"}
{"_id":2047,"il_adi":"ESKİŞEHİR","il_id":26,"ilce_adi":"TEPEBAŞI"}
{"_id":2048,"il_adi":"İSTANBUL","il_id":34,"ilce_adi":"ARNAVUTKÖY"}
{"_id":2049,"il_adi":"İSTANBUL","il_id":34,"ilce_adi":"ATAŞEHİR"}
{"_id":2050,"il_adi":"İSTANBUL","il_id":34,"ilce_adi":"BAŞAKŞEHİR"}
{"_id":2051,"il_adi":"İSTANBUL","il_id":34,"ilce_adi":"BEYLİKDÜZÜ"}
{"_id":2052,"il_adi":"İSTANBUL","il_id":34,"ilce_adi":"ÇEKMEKÖY"}
{"_id":2053,"il_adi":"İSTANBUL","il_id":34,"ilce_adi":"ESENYURT"}
{"_id":2054,"il_adi":"İSTANBUL","il_id":34,"ilce_adi":"SANCAKTEPE"}
{"_id":2055,"il_adi":"İSTANBUL","il_id":34,"ilce_adi":"SULTANGAZİ"}
{"_id":2056,"il_adi":"İZMİR","il_id":35,"ilce_adi":"BAYRAKLI"}
{"_id":2057,"il_adi":"İZMİR","il_id":35,"ilce_adi":"KARABAĞLAR"}
{"_id":2058,"il_adi":"KOCAELİ","il_id":41,"ilce_adi":"BAŞİSKELE"}
{"_id":2059,"il_adi":"KOCAELİ","il_id":41,"ilce_adi":"ÇAYIROVA"}
{"_id":2060,"il_adi":"KOCAELİ","il_id":41,"ilce_adi":"DARICA"}
{"_id":2061,"il_adi":"KOCAELİ","il_id":41,"ilce_adi":"DİLOVASI"}
{"_id":2062,"il_adi":"KOCAELİ","il_id":41,"ilce_adi":"İZMİT"}
{"_id":2063,"il_adi":"KOCAELİ","il_id":41,"ilce_adi":"KARTEPE"}
{"_id":2064,"il_adi":"MERSİN","il_id":33,"ilce_adi":"AKDENİZ"}
{"_id":2065,"il_adi":"MERSİN","il_id":33,"ilce_adi":"MEZİTLİ"}
{"_id":2066,"il_adi":"MERSİN","il_id":33,"ilce_adi":"TOROSLAR"}
{"_id":2067,"il_adi":"MERSİN","il_id":33,"ilce_adi":"YENİŞEHİR"}
{"_id":2068,"il_adi":"SAKARYA","il_id":54,"ilce_adi":"ADAPAZARI"}
{"_id":2069,"il_adi":"SAKARYA","il_id":54,"ilce_adi":"ARİFİYE"}
{"_id":2070,"il_adi":"SAKARYA","il_id":54,"ilce_adi":"ERENLER"}
{"_id":2071,"il_adi":"SAKARYA","il_id":54,"ilce_adi":"SERDİVAN"}
{"_id":2072,"il_adi":"SAMSUN","il_id":55,"ilce_adi":"ATAKUM"}
{"_id":2073,"il_adi":"SAMSUN","il_id":55,"ilce_adi":"CANİK"}
{"_id":2074,"il_adi":"SAMSUN","il_id":55,"ilce_adi":"İLKADIM"}
{"_id":2076,"il_adi":"AYDIN","il_id":9,"ilce_adi":"EFELER"}
{"_id":2077,"il_adi":"BALIKESİR","il_id":10,"ilce_adi":"ALTIEYLÜL"}
{"_id":2078,"il_adi":"BALIKESİR","il_id":10,"ilce_adi":"KARESİ"}
{"_id":2079,"il_adi":"DENİZLİ","il_id":20,"ilce_adi":"MERKEZEFENDİ"}
{"_id":2080,"il_adi":"HATAY","il_id":31,"ilce_adi":"ANTAKYA"}
{"_id":2081,"il_adi":"HATAY","il_id":31,"ilce_adi":"ARSUZ"}
{"_id":2082,"il_adi":"HATAY","il_id":31,"ilce_adi":"DEFNE"}
{"_id":2083,"il_adi":"HATAY","il_id":31,"ilce_adi":"PAYAS"}
{"_id":2084,"il_adi":"KAHRAMANMARAŞ","il_id":46,"ilce_adi":"DULKADİROĞLU"}
{"_id":2085,"il_adi":"KAHRAMANMARAŞ","il_id":46,"ilce_adi":"ONİKİŞUBAT"}
{"_id":2086,"il_adi":"MANİSA","il_id":45,"ilce_adi":"ŞEHZADELER"}
{"_id":2087,"il_adi":"MANİSA","il_id":45,"ilce_adi":"YUNUSEMRE"}
{"_id":2088,"il_adi":"MARDİN","il_id":47,"ilce_adi":"ARTUKLU"}
{"_id":2089,"il_adi":"MUĞLA","il_id":48,"ilce_adi":"MENTEŞE"}
{"_id":2090,"il_adi":"MUĞLA","il_id":48,"ilce_adi":"SEYDİKEMER"}
{"_id":2091,"il_adi":"ŞANLIURFA","il_id":63,"ilce_adi":"EYYÜBİYE"}
{"_id":2092,"il_adi":"ŞANLIURFA","il_id":63,"ilce_adi":"HALİLİYE"}
{"_id":2093,"il_adi":"ŞANLIURFA","il_id":63,"ilce_adi":"KARAKÖPRÜ"}
{"_id":2094,"il_adi":"TEKİRDAĞ","il_id":59,"ilce_adi":"ERGENE"}
{"_id":2095,"il_adi":"TEKİRDAĞ","il_id":59,"ilce_adi":"KAPAKLI"}
{"_id":2096,"il_adi":"TEKİRDAĞ","il_id":59,"ilce_adi":"SÜLEYMANPAŞA"}
{"_id":2097,"il_adi":"TRABZON","il_id":61,"ilce_adi":"ORTAHİSAR"}
{"_id":2098,"il_adi":"VAN","il_id":65,"ilce_adi":"İPEKYOLU"}
{"_id":2099,"il_adi":"VAN","il_id":65,"ilce_adi":"TUŞBA"}
{"_id":2100,"il_adi":"ZONGULDAK","il_id":67,"ilce_adi":"KİLİMLİ"}
{"_id":2101,"il_adi":"ZONGULDAK","il_id":67,"ilce_adi":"KOZLU"}
{"_id":2103,"il_adi":"ORDU","il_id":52,"ilce_adi":"ALTINORDU"}
{"_id":2105,"il_adi":"ARTVİN","il_id":8,"ilce_adi":"KEMALPAŞA"}
{"_id":2106,"il_adi":"AKSARAY","il_id":68,"ilce_adi":"SULTANHANI"}
{"_id":2107,"il_adi":"HAKKARİ","il_id":30,"ilce_adi":"DERECİK"}
